{"0": {"occlusion": {"overall": 0.0, "rightHand": 0.0, "rightUpLeg": 0.0, "leftArm": 0.0, "leftLeg": 0.0, "leftToeBase": 0.0, "leftFoot": 0.0, "spine1": 0.0, "spine2": 0.0, "leftShoulder": 0.0, "rightShoulder": 0.0, "rightFoot": 0.0, "head": 0.0, "rightArm": 0.0, "leftHandIndex1": 0.0, "rightLeg": 0.0, "rightHandIndex1": 0.0, "leftForeArm": 0.0, "rightForeArm": 0.0, "neck": 0.0, "rightToeBase": 0.0, "spine": 0.0, "leftUpLeg": 0.0, "leftHand": 0.0, "hips": 0.0}, "self_occlusion": {"overall": 0.0, "rightHand": 0.0, "rightUpLeg": 0.0, "leftArm": 0.0, "leftLeg": 0.0, "leftToeBase": 0.0, "leftFoot": 0.0, "spine1": 0.0, "spine2": 0.0, "leftShoulder": 0.0, "rightShoulder": 0.0, "rightFoot": 0.0, "head": 0.0, "rightArm": 0.0, "leftHandIndex1": 0.0, "rightLeg": 0.0, "rightHandIndex1": 0.0, "leftForeArm": 0.0, "rightForeArm": 0.0, "neck": 0.0, "rightToeBase": 0.0, "spine": 0.0, "leftUpLeg": 0.0, "leftHand": 0.0, "hips": 0.0}, "truncation": {"overall": 72.62802136937778, "rightHand": 100.0, "rightUpLeg": 100.0, "leftArm": 40.384883880615234, "leftLeg": 100.0, "leftToeBase": 100.0, "leftFoot": 100.0, "spine1": 66.3409652709961, "spine2": 0.700537919998169, "leftShoulder": 0.0, "rightShoulder": 0.0, "rightFoot": 100.0, "head": 0.0, "rightArm": 36.08538055419922, "leftHandIndex1": 100.0, "rightLeg": 100.0, "rightHandIndex1": 100.0, "leftForeArm": 100.0, "rightForeArm": 100.0, "neck": 0.0, "rightToeBase": 100.0, "spine": 99.56074523925781, "leftUpLeg": 100.0, "leftHand": 100.0, "hips": 100.0}}, "1": {"occlusion": {"overall": 100, "rightHand": 0.0, "rightUpLeg": 0.0, "leftArm": 0.0, "leftLeg": 0.0, "leftToeBase": 0.0, "leftFoot": 0.0, "spine1": 0.0, "spine2": 0.0, "leftShoulder": 0.0, "rightShoulder": 0.0, "rightFoot": 0.0, "head": 0.0, "rightArm": 0.0, "leftHandIndex1": 0.0, "rightLeg": 0.0, "rightHandIndex1": 0.0, "leftForeArm": 0.0, "rightForeArm": 0.0, "neck": 0.0, "rightToeBase": 0.0, "spine": 0.0, "leftUpLeg": 0.0, "leftHand": 0.0, "hips": 100}, "self_occlusion": {"overall": 0.0, "rightHand": 0.0, "rightUpLeg": 0.0, "leftArm": 0.0, "leftLeg": 0.0, "leftToeBase": 0.0, "leftFoot": 0.0, "spine1": 0.0, "spine2": 0.0, "leftShoulder": 0.0, "rightShoulder": 0.0, "rightFoot": 0.0, "head": 0.0, "rightArm": 0.0, "leftHandIndex1": 0.0, "rightLeg": 0.0, "rightHandIndex1": 0.0, "leftForeArm": 0.0, "rightForeArm": 0.0, "neck": 0.0, "rightToeBase": 0.0, "spine": 0.0, "leftUpLeg": 0.0, "leftHand": 0.0, "hips": 0.0}, "truncation": {"overall": 99.69159475962321, "rightHand": 97.90586853027344, "rightUpLeg": 100.0, "leftArm": 100.0, "leftLeg": 100.0, "leftToeBase": 100.0, "leftFoot": 100.0, "spine1": 100.0, "spine2": 100.0, "leftShoulder": 100.0, "rightShoulder": 100.0, "rightFoot": 100.0, "head": 100.0, "rightArm": 100.0, "leftHandIndex1": 100.0, "rightLeg": 100.0, "rightHandIndex1": 94.6924057006836, "leftForeArm": 100.0, "rightForeArm": 100.0, "neck": 100.0, "rightToeBase": 100.0, "spine": 100.0, "leftUpLeg": 100.0, "leftHand": 100.0, "hips": 100.0}}, "2": {"occlusion": {"overall": 0, "rightHand": 0.0, "rightUpLeg": 0.0, "leftArm": 0.0, "leftLeg": 0.0, "leftToeBase": 0.0, "leftFoot": 0.0, "spine1": 0.0, "spine2": 0.0, "leftShoulder": 0.0, "rightShoulder": 0.0, "rightFoot": 0.0, "head": 0.0, "rightArm": 0.0, "leftHandIndex1": 0.0, "rightLeg": 0.0, "rightHandIndex1": 0.0, "leftForeArm": 0.0, "rightForeArm": 0.0, "neck": 0.0, "rightToeBase": 0.0, "spine": 0.0, "leftUpLeg": 0.0, "leftHand": 0.0, "hips": 0.0}, "self_occlusion": {"overall": 0.0, "rightHand": 0.0, "rightUpLeg": 0.0, "leftArm": 0.0, "leftLeg": 0.0, "leftToeBase": 0.0, "leftFoot": 0.0, "spine1": 0.0, "spine2": 0.0, "leftShoulder": 0.0, "rightShoulder": 0.0, "rightFoot": 0.0, "head": 0.0, "rightArm": 0.0, "leftHandIndex1": 0.0, "rightLeg": 0.0, "rightHandIndex1": 0.0, "leftForeArm": 0.0, "rightForeArm": 0.0, "neck": 0.0, "rightToeBase": 0.0, "spine": 0.0, "leftUpLeg": 0.0, "leftHand": 0.0, "hips": 0.0}, "truncation": {"overall": 100.0, "rightHand": 100.0, "rightUpLeg": 100.0, "leftArm": 100.0, "leftLeg": 100.0, "leftToeBase": 100.0, "leftFoot": 100.0, "spine1": 100.0, "spine2": 100.0, "leftShoulder": 100.0, "rightShoulder": 100.0, "rightFoot": 100.0, "head": 100.0, "rightArm": 100.0, "leftHandIndex1": 100.0, "rightLeg": 100.0, "rightHandIndex1": 100.0, "leftForeArm": 100.0, "rightForeArm": 100.0, "neck": 100.0, "rightToeBase": 100.0, "spine": 100.0, "leftUpLeg": 100.0, "leftHand": 100.0, "hips": 100.0}}, "3": {"occlusion": {"overall": 0.0, "rightHand": 0.0, "rightUpLeg": 0.0, "leftArm": 0.0, "leftLeg": 0.0, "leftToeBase": 0.0, "leftFoot": 0.0, "spine1": 0.0, "spine2": 0.0, "leftShoulder": 0.0, "rightShoulder": 0.0, "rightFoot": 0.0, "head": 0.0, "rightArm": 0.0, "leftHandIndex1": 0.0, "rightLeg": 0.0, "rightHandIndex1": 0.0, "leftForeArm": 0.0, "rightForeArm": 0.0, "neck": 0.0, "rightToeBase": 0.0, "spine": 0.0, "leftUpLeg": 0.0, "leftHand": 0.0, "hips": 0.0}, "self_occlusion": {"overall": 0.0, "rightHand": 0.0, "rightUpLeg": 0.0, "leftArm": 0.0, "leftLeg": 0.0, "leftToeBase": 0.0, "leftFoot": 0.0, "spine1": 0.0, "spine2": 0.0, "leftShoulder": 0.0, "rightShoulder": 0.0, "rightFoot": 0.0, "head": 0.0, "rightArm": 0.0, "leftHandIndex1": 0.0, "rightLeg": 0.0, "rightHandIndex1": 0.0, "leftForeArm": 0.0, "rightForeArm": 0.0, "neck": 0.0, "rightToeBase": 0.0, "spine": 0.0, "leftUpLeg": 0.0, "leftHand": 0.0, "hips": 0.0}, "truncation": {"overall": 56.79365582267443, "rightHand": 0.0, "rightUpLeg": 49.80278778076172, "leftArm": 100.0, "leftLeg": 100.0, "leftToeBase": 100.0, "leftFoot": 100.0, "spine1": 34.17446517944336, "spine2": 20.673553466796875, "leftShoulder": 92.4055404663086, "rightShoulder": 0.0, "rightFoot": 100.0, "head": 13.14747142791748, "rightArm": 0.0, "leftHandIndex1": 100.0, "rightLeg": 100.0, "rightHandIndex1": 3.80893874168396, "leftForeArm": 100.0, "rightForeArm": 0.0, "neck": 0.0, "rightToeBase": 100.0, "spine": 26.7667293548584, "leftUpLeg": 87.58683013916016, "leftHand": 100.0, "hips": 34.68142318725586}}, "4": {"occlusion": {"overall": 0, "rightHand": 0.0, "rightUpLeg": 0.0, "leftArm": 0.0, "leftLeg": 0.0, "leftToeBase": 0.0, "leftFoot": 0.0, "spine1": 0.0, "spine2": 0.0, "leftShoulder": 0.0, "rightShoulder": 0.0, "rightFoot": 0.0, "head": 0.0, "rightArm": 0.0, "leftHandIndex1": 0.0, "rightLeg": 0.0, "rightHandIndex1": 0.0, "leftForeArm": 0.0, "rightForeArm": 0.0, "neck": 0.0, "rightToeBase": 0.0, "spine": 0.0, "leftUpLeg": 0.0, "leftHand": 0.0, "hips": 0.0}, "self_occlusion": {"overall": 0.0, "rightHand": 0.0, "rightUpLeg": 0.0, "leftArm": 0.0, "leftLeg": 0.0, "leftToeBase": 0.0, "leftFoot": 0.0, "spine1": 0.0, "spine2": 0.0, "leftShoulder": 0.0, "rightShoulder": 0.0, "rightFoot": 0.0, "head": 0.0, "rightArm": 0.0, "leftHandIndex1": 0.0, "rightLeg": 0.0, "rightHandIndex1": 0.0, "leftForeArm": 0.0, "rightForeArm": 0.0, "neck": 0.0, "rightToeBase": 0.0, "spine": 0.0, "leftUpLeg": 0.0, "leftHand": 0.0, "hips": 0.0}, "truncation": {"overall": 100.0, "rightHand": 100.0, "rightUpLeg": 100.0, "leftArm": 100.0, "leftLeg": 100.0, "leftToeBase": 100.0, "leftFoot": 100.0, "spine1": 100.0, "spine2": 100.0, "leftShoulder": 100.0, "rightShoulder": 100.0, "rightFoot": 100.0, "head": 100.0, "rightArm": 100.0, "leftHandIndex1": 100.0, "rightLeg": 100.0, "rightHandIndex1": 100.0, "leftForeArm": 100.0, "rightForeArm": 100.0, "neck": 100.0, "rightToeBase": 100.0, "spine": 100.0, "leftUpLeg": 100.0, "leftHand": 100.0, "hips": 100.0}}, "5": {"occlusion": {"overall": 0.0, "rightHand": 0.0, "rightUpLeg": 0.0, "leftArm": 0.0, "leftLeg": 0.0, "leftToeBase": 0.0, "leftFoot": 0.0, "spine1": 0.0, "spine2": 0.0, "leftShoulder": 0.0, "rightShoulder": 0.0, "rightFoot": 0.0, "head": 0.0, "rightArm": 0.0, "leftHandIndex1": 0.0, "rightLeg": 0.0, "rightHandIndex1": 0.0, "leftForeArm": 0.0, "rightForeArm": 0.0, "neck": 0.0, "rightToeBase": 0.0, "spine": 0.0, "leftUpLeg": 0.0, "leftHand": 0.0, "hips": 0.0}, "self_occlusion": {"overall": 0.0, "rightHand": 0.0, "rightUpLeg": 0.0, "leftArm": 0.0, "leftLeg": 0.0, "leftToeBase": 0.0, "leftFoot": 0.0, "spine1": 0.0, "spine2": 0.0, "leftShoulder": 0.0, "rightShoulder": 0.0, "rightFoot": 0.0, "head": 0.0, "rightArm": 0.0, "leftHandIndex1": 0.0, "rightLeg": 0.0, "rightHandIndex1": 0.0, "leftForeArm": 0.0, "rightForeArm": 0.0, "neck": 0.0, "rightToeBase": 0.0, "spine": 0.0, "leftUpLeg": 0.0, "leftHand": 0.0, "hips": 0.0}, "truncation": {"overall": 34.26027234395345, "rightHand": 0.0, "rightUpLeg": 76.90986633300781, "leftArm": 0.0, "leftLeg": 100.0, "leftToeBase": 100.0, "leftFoot": 100.0, "spine1": 0.0, "spine2": 0.0, "leftShoulder": 0.0, "rightShoulder": 0.0, "rightFoot": 100.0, "head": 0.0, "rightArm": 0.0, "leftHandIndex1": 0.0, "rightLeg": 99.34481048583984, "rightHandIndex1": 0.0, "leftForeArm": 0.0, "rightForeArm": 0.0, "neck": 0.0, "rightToeBase": 100.0, "spine": 0.0, "leftUpLeg": 78.07355499267578, "leftHand": 0.0, "hips": 67.91830444335938}}, "6": {"occlusion": {"overall": 45.186538859389, "rightHand": 100.0, "rightUpLeg": 100.0, "leftArm": 0.0, "leftLeg": 0.0, "leftToeBase": 0.0, "leftFoot": 0.0, "spine1": 5.677557579003749, "spine2": 6.875658587987356, "leftShoulder": 0.0, "rightShoulder": 89.87012987012987, "rightFoot": 0.0, "head": 6.477732793522267, "rightArm": 100.0, "leftHandIndex1": 0.0, "rightLeg": 100.0, "rightHandIndex1": 100.0, "leftForeArm": 0.0, "rightForeArm": 100.0, "neck": 1.6853932584269662, "rightToeBase": 0.0, "spine": 35.94749242679233, "leftUpLeg": 0.0, "leftHand": 0.0, "hips": 63.330001427959445}, "self_occlusion": {"overall": 0.0, "rightHand": 0.0, "rightUpLeg": 0.0, "leftArm": 0.0, "leftLeg": 0.0, "leftToeBase": 0.0, "leftFoot": 0.0, "spine1": 0.0, "spine2": 0.0, "leftShoulder": 0.0, "rightShoulder": 0.0, "rightFoot": 0.0, "head": 0.0, "rightArm": 0.0, "leftHandIndex1": 0.0, "rightLeg": 0.0, "rightHandIndex1": 0.0, "leftForeArm": 0.0, "rightForeArm": 0.0, "neck": 0.0, "rightToeBase": 0.0, "spine": 0.0, "leftUpLeg": 0.0, "leftHand": 0.0, "hips": 0.0}, "truncation": {"overall": 20.614017963409424, "rightHand": 0.0, "rightUpLeg": 0.0, "leftArm": 0.0, "leftLeg": 43.596073150634766, "leftToeBase": 100.0, "leftFoot": 100.0, "spine1": 0.0, "spine2": 0.0, "leftShoulder": 0.0, "rightShoulder": 0.0, "rightFoot": 100.0, "head": 0.0, "rightArm": 0.0, "leftHandIndex1": 0.0, "rightLeg": 51.140357971191406, "rightHandIndex1": 0.0, "leftForeArm": 0.0, "rightForeArm": 0.0, "neck": 0.0, "rightToeBase": 100.0, "spine": 0.0, "leftUpLeg": 0.0, "leftHand": 0.0, "hips": 0.0}}}