{"0": {"occlusion": {"overall": 0.0, "rightHand": 0.0, "rightUpLeg": 0.0, "leftArm": 0.0, "leftLeg": 0.0, "leftToeBase": 0.0, "leftFoot": 0.0, "spine1": 0.0, "spine2": 0.0, "leftShoulder": 0.0, "rightShoulder": 0.0, "rightFoot": 0.0, "head": 0.0, "rightArm": 0.0, "leftHandIndex1": 0.0, "rightLeg": 0.0, "rightHandIndex1": 0.0, "leftForeArm": 0.0, "rightForeArm": 0.0, "neck": 0.0, "rightToeBase": 0.0, "spine": 0.0, "leftUpLeg": 0.0, "leftHand": 0.0, "hips": 0.0}, "self_occlusion": {"overall": 0.0, "rightHand": 0.0, "rightUpLeg": 0.0, "leftArm": 0.0, "leftLeg": 0.0, "leftToeBase": 0.0, "leftFoot": 0.0, "spine1": 0.0, "spine2": 0.0, "leftShoulder": 0.0, "rightShoulder": 0.0, "rightFoot": 0.0, "head": 0.0, "rightArm": 0.0, "leftHandIndex1": 0.0, "rightLeg": 0.0, "rightHandIndex1": 0.0, "leftForeArm": 0.0, "rightForeArm": 0.0, "neck": 0.0, "rightToeBase": 0.0, "spine": 0.0, "leftUpLeg": 0.0, "leftHand": 0.0, "hips": 0.0}, "truncation": {"overall": 0.0, "rightHand": 0.0, "rightUpLeg": 0.0, "leftArm": 0.0, "leftLeg": 0.0, "leftToeBase": 0.0, "leftFoot": 0.0, "spine1": 0.0, "spine2": 0.0, "leftShoulder": 0.0, "rightShoulder": 0.0, "rightFoot": 0.0, "head": 0.0, "rightArm": 0.0, "leftHandIndex1": 0.0, "rightLeg": 0.0, "rightHandIndex1": 0.0, "leftForeArm": 0.0, "rightForeArm": 0.0, "neck": 0.0, "rightToeBase": 0.0, "spine": 0.0, "leftUpLeg": 0.0, "leftHand": 0.0, "hips": 0.0}}, "1": {"occlusion": {"overall": 0.0, "rightHand": 0.0, "rightUpLeg": 0.0, "leftArm": 0.0, "leftLeg": 0.0, "leftToeBase": 0.0, "leftFoot": 0.0, "spine1": 0.0, "spine2": 0.0, "leftShoulder": 0.0, "rightShoulder": 0.0, "rightFoot": 0.0, "head": 0.0, "rightArm": 0.0, "leftHandIndex1": 0.0, "rightLeg": 0.0, "rightHandIndex1": 0.0, "leftForeArm": 0.0, "rightForeArm": 0.0, "neck": 0.0, "rightToeBase": 0.0, "spine": 0.0, "leftUpLeg": 0.0, "leftHand": 0.0, "hips": 0.0}, "self_occlusion": {"overall": 0.0, "rightHand": 0.0, "rightUpLeg": 0.0, "leftArm": 0.0, "leftLeg": 0.0, "leftToeBase": 0.0, "leftFoot": 0.0, "spine1": 0.0, "spine2": 0.0, "leftShoulder": 0.0, "rightShoulder": 0.0, "rightFoot": 0.0, "head": 0.0, "rightArm": 0.0, "leftHandIndex1": 0.0, "rightLeg": 0.0, "rightHandIndex1": 0.0, "leftForeArm": 0.0, "rightForeArm": 0.0, "neck": 0.0, "rightToeBase": 0.0, "spine": 0.0, "leftUpLeg": 0.0, "leftHand": 0.0, "hips": 0.0}, "truncation": {"overall": 77.31365730365117, "rightHand": 100.0, "rightUpLeg": 100.0, "leftArm": 40.14491271972656, "leftLeg": 100.0, "leftToeBase": 100.0, "leftFoot": 100.0, "spine1": 100.0, "spine2": 99.3363265991211, "leftShoulder": 91.84121704101562, "rightShoulder": 100.0, "rightFoot": 4.498386859893799, "head": 100.0, "rightArm": 100.0, "leftHandIndex1": 0.0, "rightLeg": 86.60858154296875, "rightHandIndex1": 100.0, "leftForeArm": 0.0, "rightForeArm": 100.0, "neck": 100.0, "rightToeBase": 44.15058898925781, "spine": 100.0, "leftUpLeg": 98.74933624267578, "leftHand": 0.0, "hips": 90.19842529296875}}}