{"0": {"occlusion": {"overall": 15.654235028332286, "rightHand": 81.293057763646, "rightUpLeg": 0.0, "leftArm": 68.6938622754491, "leftLeg": 0.0, "leftToeBase": 0.0, "leftFoot": 0.0, "spine1": 29.137168141592923, "spine2": 70.8617747440273, "leftShoulder": 62.464387464387464, "rightShoulder": 88.46153846153845, "rightFoot": 0.0, "head": 3.296703296703297, "rightArm": 94.60402684563758, "leftHandIndex1": 0.0, "rightLeg": 0.0, "rightHandIndex1": 34.72998137802607, "leftForeArm": 45.52771450265756, "rightForeArm": 100.0, "neck": 0.0, "rightToeBase": 1.1282051282051282, "spine": 0.04503152206544581, "leftUpLeg": 0.0, "leftHand": 17.970660146699267, "hips": 0.0}, "self_occlusion": {"overall": 0.0, "rightHand": 0.0, "rightUpLeg": 0.0, "leftArm": 0.0, "leftLeg": 0.0, "leftToeBase": 0.0, "leftFoot": 0.0, "spine1": 0.0, "spine2": 0.0, "leftShoulder": 0.0, "rightShoulder": 0.0, "rightFoot": 0.0, "head": 0.0, "rightArm": 0.0, "leftHandIndex1": 0.0, "rightLeg": 0.0, "rightHandIndex1": 0.0, "leftForeArm": 0.0, "rightForeArm": 0.0, "neck": 0.0, "rightToeBase": 0.0, "spine": 0.0, "leftUpLeg": 0.0, "leftHand": 0.0, "hips": 0.0}, "truncation": {"overall": 0.0, "rightHand": 0.0, "rightUpLeg": 0.0, "leftArm": 0.0, "leftLeg": 0.0, "leftToeBase": 0.0, "leftFoot": 0.0, "spine1": 0.0, "spine2": 0.0, "leftShoulder": 0.0, "rightShoulder": 0.0, "rightFoot": 0.0, "head": 0.0, "rightArm": 0.0, "leftHandIndex1": 0.0, "rightLeg": 0.0, "rightHandIndex1": 0.0, "leftForeArm": 0.0, "rightForeArm": 0.0, "neck": 0.0, "rightToeBase": 0.0, "spine": 0.0, "leftUpLeg": 0.0, "leftHand": 0.0, "hips": 0.0}}, "1": {"occlusion": {"overall": 6.312454791437839, "rightHand": 0.0, "rightUpLeg": 0.0, "leftArm": 100.0, "leftLeg": 0.0, "leftToeBase": 49.516129032258064, "leftFoot": 0.0, "spine1": 23.79702537182852, "spine2": 21.944692239072257, "leftShoulder": 0.0, "rightShoulder": 17.422680412371133, "rightFoot": 0.0, "head": 7.3699962588851475, "rightArm": 0.0, "leftHandIndex1": 0.0, "rightLeg": 0.0, "rightHandIndex1": 0.0, "leftForeArm": 99.79372937293729, "rightForeArm": 0.0, "neck": 11.946591707659874, "rightToeBase": 0.0, "spine": 0.0, "leftUpLeg": 0.0, "leftHand": 97.54601226993866, "hips": 0.0}, "self_occlusion": {"overall": 0.0, "rightHand": 0.0, "rightUpLeg": 0.0, "leftArm": 0.0, "leftLeg": 0.0, "leftToeBase": 0.0, "leftFoot": 0.0, "spine1": 0.0, "spine2": 0.0, "leftShoulder": 0.0, "rightShoulder": 0.0, "rightFoot": 0.0, "head": 0.0, "rightArm": 0.0, "leftHandIndex1": 0.0, "rightLeg": 0.0, "rightHandIndex1": 0.0, "leftForeArm": 0.0, "rightForeArm": 0.0, "neck": 0.0, "rightToeBase": 0.0, "spine": 0.0, "leftUpLeg": 0.0, "leftHand": 0.0, "hips": 0.0}, "truncation": {"overall": 1.6721103092034657, "rightHand": 0.0, "rightUpLeg": 4.938322067260742, "leftArm": 0.0, "leftLeg": 0.0, "leftToeBase": 0.0, "leftFoot": 0.0, "spine1": 0.0, "spine2": 0.0, "leftShoulder": 0.0, "rightShoulder": 0.0, "rightFoot": 0.0, "head": 0.0, "rightArm": 0.0, "leftHandIndex1": 0.0, "rightLeg": 0.0, "rightHandIndex1": 0.0, "leftForeArm": 0.0, "rightForeArm": 0.0, "neck": 0.0, "rightToeBase": 0.0, "spine": 0.0, "leftUpLeg": 2.5261380672454834, "leftHand": 0.0, "hips": 32.66618728637695}}}