{"0": {"occlusion": {"overall": 17.18730285960264, "rightHand": 69.08023483365949, "rightUpLeg": 0.0, "leftArm": 82.56983240223464, "leftLeg": 0.0, "leftToeBase": 0.0, "leftFoot": 0.0, "spine1": 6.652542372881356, "spine2": 28.7758346581876, "leftShoulder": 59.25809493869853, "rightShoulder": 43.786982248520715, "rightFoot": 0.0, "head": 2.4644906405794376, "rightArm": 93.40333257247204, "leftHandIndex1": 0.0, "rightLeg": 0.0, "rightHandIndex1": 10.841283607979186, "leftForeArm": 68.82613510520488, "rightForeArm": 100.0, "neck": 42.136003337505215, "rightToeBase": 0.0, "spine": 9.80979481803205, "leftUpLeg": 0.0, "leftHand": 76.78860472644868, "hips": 0.4115022310361924}, "self_occlusion": {"overall": 0.0, "rightHand": 0.0, "rightUpLeg": 0.0, "leftArm": 0.0, "leftLeg": 0.0, "leftToeBase": 0.0, "leftFoot": 0.0, "spine1": 0.0, "spine2": 0.0, "leftShoulder": 0.0, "rightShoulder": 0.0, "rightFoot": 0.0, "head": 0.0, "rightArm": 0.0, "leftHandIndex1": 0.0, "rightLeg": 0.0, "rightHandIndex1": 0.0, "leftForeArm": 0.0, "rightForeArm": 0.0, "neck": 0.0, "rightToeBase": 0.0, "spine": 0.0, "leftUpLeg": 0.0, "leftHand": 0.0, "hips": 0.0}, "truncation": {"overall": 0.0, "rightHand": 0.0, "rightUpLeg": 0.0, "leftArm": 0.0, "leftLeg": 0.0, "leftToeBase": 0.0, "leftFoot": 0.0, "spine1": 0.0, "spine2": 0.0, "leftShoulder": 0.0, "rightShoulder": 0.0, "rightFoot": 0.0, "head": 0.0, "rightArm": 0.0, "leftHandIndex1": 0.0, "rightLeg": 0.0, "rightHandIndex1": 0.0, "leftForeArm": 0.0, "rightForeArm": 0.0, "neck": 0.0, "rightToeBase": 0.0, "spine": 0.0, "leftUpLeg": 0.0, "leftHand": 0.0, "hips": 0.0}}, "1": {"occlusion": {"overall": 7.301880701132468, "rightHand": 0.0, "rightUpLeg": 0.0, "leftArm": 99.42279942279943, "leftLeg": 0.0, "leftToeBase": 2.8753993610223643, "leftFoot": 0.0, "spine1": 26.19453070219373, "spine2": 2.5084317032040473, "leftShoulder": 4.5595854922279795, "rightShoulder": 0.05314908317831517, "rightFoot": 0.0, "head": 3.1753738590017475, "rightArm": 0.0, "leftHandIndex1": 0.0, "rightLeg": 0.0, "rightHandIndex1": 0.0, "leftForeArm": 99.63550600343054, "rightForeArm": 0.0, "neck": 16.335009840367373, "rightToeBase": 0.0, "spine": 0.2937511126936087, "leftUpLeg": 0.0, "leftHand": 49.64429322610579, "hips": 0.0}, "self_occlusion": {"overall": 0.0, "rightHand": 0.0, "rightUpLeg": 0.0, "leftArm": 0.0, "leftLeg": 0.0, "leftToeBase": 0.0, "leftFoot": 0.0, "spine1": 0.0, "spine2": 0.0, "leftShoulder": 0.0, "rightShoulder": 0.0, "rightFoot": 0.0, "head": 0.0, "rightArm": 0.0, "leftHandIndex1": 0.0, "rightLeg": 0.0, "rightHandIndex1": 0.0, "leftForeArm": 0.0, "rightForeArm": 0.0, "neck": 0.0, "rightToeBase": 0.0, "spine": 0.0, "leftUpLeg": 0.0, "leftHand": 0.0, "hips": 0.0}, "truncation": {"overall": 1.4462229708830516, "rightHand": 0.0, "rightUpLeg": 8.1364164352417, "leftArm": 0.0, "leftLeg": 0.0, "leftToeBase": 0.0, "leftFoot": 0.0, "spine1": 0.0, "spine2": 0.0, "leftShoulder": 0.0, "rightShoulder": 0.0, "rightFoot": 0.0, "head": 0.0, "rightArm": 0.0, "leftHandIndex1": 0.0, "rightLeg": 1.8747221231460571, "rightHandIndex1": 0.0, "leftForeArm": 0.0, "rightForeArm": 0.0, "neck": 0.0, "rightToeBase": 0.0, "spine": 0.0, "leftUpLeg": 0.9476386308670044, "leftHand": 0.0, "hips": 23.750574111938477}}}