{"0": {"occlusion": {"overall": 17.677625584878854, "rightHand": 46.8671679197995, "rightUpLeg": 0.0, "leftArm": 76.5204133491445, "leftLeg": 0.0, "leftToeBase": 0.0, "leftFoot": 0.0, "spine1": 37.164667393675025, "spine2": 47.904940587867415, "leftShoulder": 70.05528255528255, "rightShoulder": 0.0, "rightFoot": 0.05070993914807302, "head": 2.2453502939192447, "rightArm": 68.0662329982259, "leftHandIndex1": 0.0, "rightLeg": 0.0, "rightHandIndex1": 13.961407491486947, "leftForeArm": 82.07792207792208, "rightForeArm": 100.0, "neck": 51.58696572154041, "rightToeBase": 3.896103896103896, "spine": 7.630587850008188, "leftUpLeg": 0.0, "leftHand": 47.918043621943156, "hips": 0.8621140080463974}, "self_occlusion": {"overall": 0.0, "rightHand": 0.0, "rightUpLeg": 0.0, "leftArm": 0.0, "leftLeg": 0.0, "leftToeBase": 0.0, "leftFoot": 0.0, "spine1": 0.0, "spine2": 0.0, "leftShoulder": 0.0, "rightShoulder": 0.0, "rightFoot": 0.0, "head": 0.0, "rightArm": 0.0, "leftHandIndex1": 0.0, "rightLeg": 0.0, "rightHandIndex1": 0.0, "leftForeArm": 0.0, "rightForeArm": 0.0, "neck": 0.0, "rightToeBase": 0.0, "spine": 0.0, "leftUpLeg": 0.0, "leftHand": 0.0, "hips": 0.0}, "truncation": {"overall": 0.0, "rightHand": 0.0, "rightUpLeg": 0.0, "leftArm": 0.0, "leftLeg": 0.0, "leftToeBase": 0.0, "leftFoot": 0.0, "spine1": 0.0, "spine2": 0.0, "leftShoulder": 0.0, "rightShoulder": 0.0, "rightFoot": 0.0, "head": 0.0, "rightArm": 0.0, "leftHandIndex1": 0.0, "rightLeg": 0.0, "rightHandIndex1": 0.0, "leftForeArm": 0.0, "rightForeArm": 0.0, "neck": 0.0, "rightToeBase": 0.0, "spine": 0.0, "leftUpLeg": 0.0, "leftHand": 0.0, "hips": 0.0}}, "1": {"occlusion": {"overall": 4.222249261922906, "rightHand": 0.0, "rightUpLeg": 0.0, "leftArm": 100.0, "leftLeg": 0.0, "leftToeBase": 81.68067226890756, "leftFoot": 6.920199501246883, "spine1": 18.859447004608295, "spine2": 1.1402508551881414, "leftShoulder": 33.94495412844037, "rightShoulder": 0.16428068528514433, "rightFoot": 0.0, "head": 0.9912424213261476, "rightArm": 0.0, "leftHandIndex1": 0.0, "rightLeg": 0.0, "rightHandIndex1": 0.0, "leftForeArm": 100.0, "rightForeArm": 0.0, "neck": 4.136138028834791, "rightToeBase": 0.0, "spine": 0.0, "leftUpLeg": 0.0, "leftHand": 44.18262150220913, "hips": 0.0}, "self_occlusion": {"overall": 0.0, "rightHand": 0.0, "rightUpLeg": 0.0, "leftArm": 0.0, "leftLeg": 0.0, "leftToeBase": 0.0, "leftFoot": 0.0, "spine1": 0.0, "spine2": 0.0, "leftShoulder": 0.0, "rightShoulder": 0.0, "rightFoot": 0.0, "head": 0.0, "rightArm": 0.0, "leftHandIndex1": 0.0, "rightLeg": 0.0, "rightHandIndex1": 0.0, "leftForeArm": 0.0, "rightForeArm": 0.0, "neck": 0.0, "rightToeBase": 0.0, "spine": 0.0, "leftUpLeg": 0.0, "leftHand": 0.0, "hips": 0.0}, "truncation": {"overall": 0.0, "rightHand": 0.0, "rightUpLeg": 0.0, "leftArm": 0.0, "leftLeg": 0.0, "leftToeBase": 0.0, "leftFoot": 0.0, "spine1": 0.0, "spine2": 0.0, "leftShoulder": 0.0, "rightShoulder": 0.0, "rightFoot": 0.0, "head": 0.0, "rightArm": 0.0, "leftHandIndex1": 0.0, "rightLeg": 0.0, "rightHandIndex1": 0.0, "leftForeArm": 0.0, "rightForeArm": 0.0, "neck": 0.0, "rightToeBase": 0.0, "spine": 0.0, "leftUpLeg": 0.0, "leftHand": 0.0, "hips": 0.0}}}