{"0": {"occlusion": {"overall": 41.13099600463368, "rightHand": 0.0, "rightUpLeg": 0.0, "leftArm": 100.0, "leftLeg": 89.32966555668162, "leftToeBase": 100.0, "leftFoot": 100.0, "spine1": 40.14607893388006, "spine2": 41.91927940412264, "leftShoulder": 100.0, "rightShoulder": 0.0, "rightFoot": 0.0, "head": 0.04547521600727603, "rightArm": 0.0, "leftHandIndex1": 100.0, "rightLeg": 0.0, "rightHandIndex1": 0.0, "leftForeArm": 100.0, "rightForeArm": 0.0, "neck": 22.265816576753313, "rightToeBase": 0.0, "spine": 34.20047031158142, "leftUpLeg": 84.61317640304291, "leftHand": 100.0, "hips": 37.90574494092082}, "self_occlusion": {"overall": 0.0, "rightHand": 0.0, "rightUpLeg": 0.0, "leftArm": 0.0, "leftLeg": 0.0, "leftToeBase": 0.0, "leftFoot": 0.0, "spine1": 0.0, "spine2": 0.0, "leftShoulder": 0.0, "rightShoulder": 0.0, "rightFoot": 0.0, "head": 0.0, "rightArm": 0.0, "leftHandIndex1": 0.0, "rightLeg": 0.0, "rightHandIndex1": 0.0, "leftForeArm": 0.0, "rightForeArm": 0.0, "neck": 0.0, "rightToeBase": 0.0, "spine": 0.0, "leftUpLeg": 0.0, "leftHand": 0.0, "hips": 0.0}, "truncation": {"overall": 0.0, "rightHand": 0.0, "rightUpLeg": 0.0, "leftArm": 0.0, "leftLeg": 0.0, "leftToeBase": 0.0, "leftFoot": 0.0, "spine1": 0.0, "spine2": 0.0, "leftShoulder": 0.0, "rightShoulder": 0.0, "rightFoot": 0.0, "head": 0.0, "rightArm": 0.0, "leftHandIndex1": 0.0, "rightLeg": 0.0, "rightHandIndex1": 0.0, "leftForeArm": 0.0, "rightForeArm": 0.0, "neck": 0.0, "rightToeBase": 0.0, "spine": 0.0, "leftUpLeg": 0.0, "leftHand": 0.0, "hips": 0.0}}, "1": {"occlusion": {"overall": 0.0, "rightHand": 0.0, "rightUpLeg": 0.0, "leftArm": 0.0, "leftLeg": 0.0, "leftToeBase": 0.0, "leftFoot": 0.0, "spine1": 0.0, "spine2": 0.0, "leftShoulder": 0.0, "rightShoulder": 0.0, "rightFoot": 0.0, "head": 0.0, "rightArm": 0.0, "leftHandIndex1": 0.0, "rightLeg": 0.0, "rightHandIndex1": 0.0, "leftForeArm": 0.0, "rightForeArm": 0.0, "neck": 0.0, "rightToeBase": 0.0, "spine": 0.0, "leftUpLeg": 0.0, "leftHand": 0.0, "hips": 0.0}, "self_occlusion": {"overall": 0.0, "rightHand": 0.0, "rightUpLeg": 0.0, "leftArm": 0.0, "leftLeg": 0.0, "leftToeBase": 0.0, "leftFoot": 0.0, "spine1": 0.0, "spine2": 0.0, "leftShoulder": 0.0, "rightShoulder": 0.0, "rightFoot": 0.0, "head": 0.0, "rightArm": 0.0, "leftHandIndex1": 0.0, "rightLeg": 0.0, "rightHandIndex1": 0.0, "leftForeArm": 0.0, "rightForeArm": 0.0, "neck": 0.0, "rightToeBase": 0.0, "spine": 0.0, "leftUpLeg": 0.0, "leftHand": 0.0, "hips": 0.0}, "truncation": {"overall": 0.0, "rightHand": 0.0, "rightUpLeg": 0.0, "leftArm": 0.0, "leftLeg": 0.0, "leftToeBase": 0.0, "leftFoot": 0.0, "spine1": 0.0, "spine2": 0.0, "leftShoulder": 0.0, "rightShoulder": 0.0, "rightFoot": 0.0, "head": 0.0, "rightArm": 0.0, "leftHandIndex1": 0.0, "rightLeg": 0.0, "rightHandIndex1": 0.0, "leftForeArm": 0.0, "rightForeArm": 0.0, "neck": 0.0, "rightToeBase": 0.0, "spine": 0.0, "leftUpLeg": 0.0, "leftHand": 0.0, "hips": 0.0}}}