{"0": {"occlusion": {"overall": 17.04638971014051, "rightHand": 69.64656964656965, "rightUpLeg": 0.0, "leftArm": 83.49741364925747, "leftLeg": 0.0, "leftToeBase": 0.0, "leftFoot": 0.0, "spine1": 5.451255372087763, "spine2": 28.007954922108052, "leftShoulder": 53.18327974276528, "rightShoulder": 45.74132492113564, "rightFoot": 0.0, "head": 3.318279992146083, "rightArm": 92.60480452190298, "leftHandIndex1": 0.0, "rightLeg": 0.0, "rightHandIndex1": 10.360777058279371, "leftForeArm": 67.44542320949827, "rightForeArm": 100.0, "neck": 56.43437366395896, "rightToeBase": 0.0, "spine": 9.781429235777399, "leftUpLeg": 0.0, "leftHand": 77.26054922973879, "hips": 0.5869851229632629}, "self_occlusion": {"overall": 0.0, "rightHand": 0.0, "rightUpLeg": 0.0, "leftArm": 0.0, "leftLeg": 0.0, "leftToeBase": 0.0, "leftFoot": 0.0, "spine1": 0.0, "spine2": 0.0, "leftShoulder": 0.0, "rightShoulder": 0.0, "rightFoot": 0.0, "head": 0.0, "rightArm": 0.0, "leftHandIndex1": 0.0, "rightLeg": 0.0, "rightHandIndex1": 0.0, "leftForeArm": 0.0, "rightForeArm": 0.0, "neck": 0.0, "rightToeBase": 0.0, "spine": 0.0, "leftUpLeg": 0.0, "leftHand": 0.0, "hips": 0.0}, "truncation": {"overall": 0.0, "rightHand": 0.0, "rightUpLeg": 0.0, "leftArm": 0.0, "leftLeg": 0.0, "leftToeBase": 0.0, "leftFoot": 0.0, "spine1": 0.0, "spine2": 0.0, "leftShoulder": 0.0, "rightShoulder": 0.0, "rightFoot": 0.0, "head": 0.0, "rightArm": 0.0, "leftHandIndex1": 0.0, "rightLeg": 0.0, "rightHandIndex1": 0.0, "leftForeArm": 0.0, "rightForeArm": 0.0, "neck": 0.0, "rightToeBase": 0.0, "spine": 0.0, "leftUpLeg": 0.0, "leftHand": 0.0, "hips": 0.0}}, "1": {"occlusion": {"overall": 7.071852110219745, "rightHand": 0.0, "rightUpLeg": 0.0, "leftArm": 99.21033740129216, "leftLeg": 0.0, "leftToeBase": 8.818635607321132, "leftFoot": 0.0, "spine1": 26.30202886425434, "spine2": 2.534768954688201, "leftShoulder": 5.662393162393163, "rightShoulder": 0.054451402123604685, "rightFoot": 0.0, "head": 2.740991684631968, "rightArm": 0.0, "leftHandIndex1": 0.0, "rightLeg": 0.0, "rightHandIndex1": 0.0, "leftForeArm": 99.80163103372273, "rightForeArm": 0.0, "neck": 17.33058608058608, "rightToeBase": 0.0, "spine": 0.3295194508009153, "leftUpLeg": 0.0, "leftHand": 51.35556248052353, "hips": 0.0}, "self_occlusion": {"overall": 0.0, "rightHand": 0.0, "rightUpLeg": 0.0, "leftArm": 0.0, "leftLeg": 0.0, "leftToeBase": 0.0, "leftFoot": 0.0, "spine1": 0.0, "spine2": 0.0, "leftShoulder": 0.0, "rightShoulder": 0.0, "rightFoot": 0.0, "head": 0.0, "rightArm": 0.0, "leftHandIndex1": 0.0, "rightLeg": 0.0, "rightHandIndex1": 0.0, "leftForeArm": 0.0, "rightForeArm": 0.0, "neck": 0.0, "rightToeBase": 0.0, "spine": 0.0, "leftUpLeg": 0.0, "leftHand": 0.0, "hips": 0.0}, "truncation": {"overall": 0.0, "rightHand": 0.0, "rightUpLeg": 0.0, "leftArm": 0.0, "leftLeg": 0.0, "leftToeBase": 0.0, "leftFoot": 0.0, "spine1": 0.0, "spine2": 0.0, "leftShoulder": 0.0, "rightShoulder": 0.0, "rightFoot": 0.0, "head": 0.0, "rightArm": 0.0, "leftHandIndex1": 0.0, "rightLeg": 0.0, "rightHandIndex1": 0.0, "leftForeArm": 0.0, "rightForeArm": 0.0, "neck": 0.0, "rightToeBase": 0.0, "spine": 0.0, "leftUpLeg": 0.0, "leftHand": 0.0, "hips": 0.0}}}