{"0": {"occlusion": {"overall": 18.010497076242316, "rightHand": 63.47462061747776, "rightUpLeg": 0.0, "leftArm": 87.97634691195795, "leftLeg": 0.0, "leftToeBase": 0.0, "leftFoot": 0.0, "spine1": 6.924353806023239, "spine2": 31.138107416879794, "leftShoulder": 47.06624605678233, "rightShoulder": 15.604026845637584, "rightFoot": 0.0, "head": 7.972817764165391, "rightArm": 88.39528558476881, "leftHandIndex1": 0.0, "rightLeg": 0.0, "rightHandIndex1": 9.099264705882353, "leftForeArm": 71.84043517679058, "rightForeArm": 100.0, "neck": 69.86469864698647, "rightToeBase": 0.0, "spine": 10.555893074119076, "leftUpLeg": 0.0, "leftHand": 83.14065510597302, "hips": 0.7613962226836745}, "self_occlusion": {"overall": 0.0, "rightHand": 0.0, "rightUpLeg": 0.0, "leftArm": 0.0, "leftLeg": 0.0, "leftToeBase": 0.0, "leftFoot": 0.0, "spine1": 0.0, "spine2": 0.0, "leftShoulder": 0.0, "rightShoulder": 0.0, "rightFoot": 0.0, "head": 0.0, "rightArm": 0.0, "leftHandIndex1": 0.0, "rightLeg": 0.0, "rightHandIndex1": 0.0, "leftForeArm": 0.0, "rightForeArm": 0.0, "neck": 0.0, "rightToeBase": 0.0, "spine": 0.0, "leftUpLeg": 0.0, "leftHand": 0.0, "hips": 0.0}, "truncation": {"overall": 0.0, "rightHand": 0.0, "rightUpLeg": 0.0, "leftArm": 0.0, "leftLeg": 0.0, "leftToeBase": 0.0, "leftFoot": 0.0, "spine1": 0.0, "spine2": 0.0, "leftShoulder": 0.0, "rightShoulder": 0.0, "rightFoot": 0.0, "head": 0.0, "rightArm": 0.0, "leftHandIndex1": 0.0, "rightLeg": 0.0, "rightHandIndex1": 0.0, "leftForeArm": 0.0, "rightForeArm": 0.0, "neck": 0.0, "rightToeBase": 0.0, "spine": 0.0, "leftUpLeg": 0.0, "leftHand": 0.0, "hips": 0.0}}, "1": {"occlusion": {"overall": 6.9369244003643304, "rightHand": 0.0, "rightUpLeg": 0.0, "leftArm": 97.4694589877836, "leftLeg": 0.0, "leftToeBase": 34.17085427135678, "leftFoot": 0.0, "spine1": 21.547532843695045, "spine2": 1.4504765851636967, "leftShoulder": 8.350100603621732, "rightShoulder": 0.05080010160020319, "rightFoot": 0.0, "head": 1.982651796778191, "rightArm": 0.0, "leftHandIndex1": 0.0, "rightLeg": 0.0, "rightHandIndex1": 0.0, "leftForeArm": 99.97855917667239, "rightForeArm": 0.0, "neck": 15.574121679520136, "rightToeBase": 0.0, "spine": 0.2924778356640161, "leftUpLeg": 0.0, "leftHand": 54.207317073170735, "hips": 0.0}, "self_occlusion": {"overall": 0.0, "rightHand": 0.0, "rightUpLeg": 0.0, "leftArm": 0.0, "leftLeg": 0.0, "leftToeBase": 0.0, "leftFoot": 0.0, "spine1": 0.0, "spine2": 0.0, "leftShoulder": 0.0, "rightShoulder": 0.0, "rightFoot": 0.0, "head": 0.0, "rightArm": 0.0, "leftHandIndex1": 0.0, "rightLeg": 0.0, "rightHandIndex1": 0.0, "leftForeArm": 0.0, "rightForeArm": 0.0, "neck": 0.0, "rightToeBase": 0.0, "spine": 0.0, "leftUpLeg": 0.0, "leftHand": 0.0, "hips": 0.0}, "truncation": {"overall": 1.5291442424058914, "rightHand": 0.0, "rightUpLeg": 7.267578601837158, "leftArm": 0.0, "leftLeg": 0.0, "leftToeBase": 0.0, "leftFoot": 0.0, "spine1": 0.0, "spine2": 0.0, "leftShoulder": 0.0, "rightShoulder": 0.0, "rightFoot": 0.0, "head": 0.0, "rightArm": 0.0, "leftHandIndex1": 0.0, "rightLeg": 3.23176646232605, "rightHandIndex1": 0.0, "leftForeArm": 0.0, "rightForeArm": 0.0, "neck": 0.0, "rightToeBase": 0.0, "spine": 0.0, "leftUpLeg": 1.3644386529922485, "leftHand": 0.0, "hips": 24.835678100585938}}}