{"0": {"occlusion": {"overall": 0.0, "rightHand": 0.0, "rightUpLeg": 0.0, "leftArm": 0.0, "leftLeg": 0.0, "leftToeBase": 0.0, "leftFoot": 0.0, "spine1": 0.0, "spine2": 0.0, "leftShoulder": 0.0, "rightShoulder": 0.0, "rightFoot": 0.0, "head": 0.0, "rightArm": 0.0, "leftHandIndex1": 0.0, "rightLeg": 0.0, "rightHandIndex1": 0.0, "leftForeArm": 0.0, "rightForeArm": 0.0, "neck": 0.0, "rightToeBase": 0.0, "spine": 0.0, "leftUpLeg": 0.0, "leftHand": 0.0, "hips": 0.0}, "self_occlusion": {"overall": 0.0, "rightHand": 0.0, "rightUpLeg": 0.0, "leftArm": 0.0, "leftLeg": 0.0, "leftToeBase": 0.0, "leftFoot": 0.0, "spine1": 0.0, "spine2": 0.0, "leftShoulder": 0.0, "rightShoulder": 0.0, "rightFoot": 0.0, "head": 0.0, "rightArm": 0.0, "leftHandIndex1": 0.0, "rightLeg": 0.0, "rightHandIndex1": 0.0, "leftForeArm": 0.0, "rightForeArm": 0.0, "neck": 0.0, "rightToeBase": 0.0, "spine": 0.0, "leftUpLeg": 0.0, "leftHand": 0.0, "hips": 0.0}, "truncation": {"overall": 0.0, "rightHand": 0.0, "rightUpLeg": 0.0, "leftArm": 0.0, "leftLeg": 0.0, "leftToeBase": 0.0, "leftFoot": 0.0, "spine1": 0.0, "spine2": 0.0, "leftShoulder": 0.0, "rightShoulder": 0.0, "rightFoot": 0.0, "head": 0.0, "rightArm": 0.0, "leftHandIndex1": 0.0, "rightLeg": 0.0, "rightHandIndex1": 0.0, "leftForeArm": 0.0, "rightForeArm": 0.0, "neck": 0.0, "rightToeBase": 0.0, "spine": 0.0, "leftUpLeg": 0.0, "leftHand": 0.0, "hips": 0.0}}, "1": {"occlusion": {"overall": 0.0, "rightHand": 0.0, "rightUpLeg": 0.0, "leftArm": 0.0, "leftLeg": 0.0, "leftToeBase": 0.0, "leftFoot": 0.0, "spine1": 0.0, "spine2": 0.0, "leftShoulder": 0.0, "rightShoulder": 0.0, "rightFoot": 0.0, "head": 0.0, "rightArm": 0.0, "leftHandIndex1": 0.0, "rightLeg": 0.0, "rightHandIndex1": 0.0, "leftForeArm": 0.0, "rightForeArm": 0.0, "neck": 0.0, "rightToeBase": 0.0, "spine": 0.0, "leftUpLeg": 0.0, "leftHand": 0.0, "hips": 0.0}, "self_occlusion": {"overall": 0.0, "rightHand": 0.0, "rightUpLeg": 0.0, "leftArm": 0.0, "leftLeg": 0.0, "leftToeBase": 0.0, "leftFoot": 0.0, "spine1": 0.0, "spine2": 0.0, "leftShoulder": 0.0, "rightShoulder": 0.0, "rightFoot": 0.0, "head": 0.0, "rightArm": 0.0, "leftHandIndex1": 0.0, "rightLeg": 0.0, "rightHandIndex1": 0.0, "leftForeArm": 0.0, "rightForeArm": 0.0, "neck": 0.0, "rightToeBase": 0.0, "spine": 0.0, "leftUpLeg": 0.0, "leftHand": 0.0, "hips": 0.0}, "truncation": {"overall": 73.23070351282756, "rightHand": 100.0, "rightUpLeg": 100.0, "leftArm": 23.919063568115234, "leftLeg": 100.0, "leftToeBase": 100.0, "leftFoot": 100.0, "spine1": 98.02123260498047, "spine2": 97.23617553710938, "leftShoulder": 81.838623046875, "rightShoulder": 100.0, "rightFoot": 0.0, "head": 100.0, "rightArm": 100.0, "leftHandIndex1": 0.0, "rightLeg": 74.26631927490234, "rightHandIndex1": 100.0, "leftForeArm": 0.0, "rightForeArm": 100.0, "neck": 100.0, "rightToeBase": 0.0, "spine": 99.85956573486328, "leftUpLeg": 96.99370574951172, "leftHand": 0.0, "hips": 85.4021987915039}}}