{"0": {"occlusion": {"overall": 18.445287107258935, "rightHand": 54.849137931034484, "rightUpLeg": 0.0, "leftArm": 91.52627189324437, "leftLeg": 0.0, "leftToeBase": 0.0, "leftFoot": 0.0, "spine1": 17.031749938469112, "spine2": 32.45236631837738, "leftShoulder": 47.40763737969574, "rightShoulder": 1.4522821576763485, "rightFoot": 0.0, "head": 7.228685866870113, "rightArm": 80.81490104772992, "leftHandIndex1": 0.0, "rightLeg": 0.0, "rightHandIndex1": 7.027540360873694, "leftForeArm": 76.32997843278217, "rightForeArm": 100.0, "neck": 72.27439771335239, "rightToeBase": 0.6644518272425249, "spine": 11.112830831140691, "leftUpLeg": 0.0, "leftHand": 81.57641781480295, "hips": 0.9521910364424947}, "self_occlusion": {"overall": 0.0, "rightHand": 0.0, "rightUpLeg": 0.0, "leftArm": 0.0, "leftLeg": 0.0, "leftToeBase": 0.0, "leftFoot": 0.0, "spine1": 0.0, "spine2": 0.0, "leftShoulder": 0.0, "rightShoulder": 0.0, "rightFoot": 0.0, "head": 0.0, "rightArm": 0.0, "leftHandIndex1": 0.0, "rightLeg": 0.0, "rightHandIndex1": 0.0, "leftForeArm": 0.0, "rightForeArm": 0.0, "neck": 0.0, "rightToeBase": 0.0, "spine": 0.0, "leftUpLeg": 0.0, "leftHand": 0.0, "hips": 0.0}, "truncation": {"overall": 0.0, "rightHand": 0.0, "rightUpLeg": 0.0, "leftArm": 0.0, "leftLeg": 0.0, "leftToeBase": 0.0, "leftFoot": 0.0, "spine1": 0.0, "spine2": 0.0, "leftShoulder": 0.0, "rightShoulder": 0.0, "rightFoot": 0.0, "head": 0.0, "rightArm": 0.0, "leftHandIndex1": 0.0, "rightLeg": 0.0, "rightHandIndex1": 0.0, "leftForeArm": 0.0, "rightForeArm": 0.0, "neck": 0.0, "rightToeBase": 0.0, "spine": 0.0, "leftUpLeg": 0.0, "leftHand": 0.0, "hips": 0.0}}, "1": {"occlusion": {"overall": 5.899295180455377, "rightHand": 0.0, "rightUpLeg": 0.0, "leftArm": 88.75432525951558, "leftLeg": 0.0, "leftToeBase": 57.90349417637272, "leftFoot": 0.12804097311139565, "spine1": 18.459016393442624, "spine2": 0.549566687803847, "leftShoulder": 13.808975834292289, "rightShoulder": 0.0, "rightFoot": 0.0, "head": 1.7872102764590896, "rightArm": 0.0, "leftHandIndex1": 0.0, "rightLeg": 0.0, "rightHandIndex1": 0.0, "leftForeArm": 100.0, "rightForeArm": 0.0, "neck": 12.186763760976655, "rightToeBase": 0.0, "spine": 0.11864561467554988, "leftUpLeg": 0.0, "leftHand": 55.837075048107764, "hips": 0.0}, "self_occlusion": {"overall": 0.0, "rightHand": 0.0, "rightUpLeg": 0.0, "leftArm": 0.0, "leftLeg": 0.0, "leftToeBase": 0.0, "leftFoot": 0.0, "spine1": 0.0, "spine2": 0.0, "leftShoulder": 0.0, "rightShoulder": 0.0, "rightFoot": 0.0, "head": 0.0, "rightArm": 0.0, "leftHandIndex1": 0.0, "rightLeg": 0.0, "rightHandIndex1": 0.0, "leftForeArm": 0.0, "rightForeArm": 0.0, "neck": 0.0, "rightToeBase": 0.0, "spine": 0.0, "leftUpLeg": 0.0, "leftHand": 0.0, "hips": 0.0}, "truncation": {"overall": 1.431912936270237, "rightHand": 0.0, "rightUpLeg": 6.400752067565918, "leftArm": 0.0, "leftLeg": 0.0, "leftToeBase": 0.0, "leftFoot": 0.0, "spine1": 0.0, "spine2": 0.0, "leftShoulder": 0.0, "rightShoulder": 0.0, "rightFoot": 0.0, "head": 0.0, "rightArm": 0.0, "leftHandIndex1": 0.0, "rightLeg": 2.1479616165161133, "rightHandIndex1": 0.0, "leftForeArm": 0.0, "rightForeArm": 0.0, "neck": 0.0, "rightToeBase": 0.0, "spine": 0.0, "leftUpLeg": 0.9548444151878357, "leftHand": 0.0, "hips": 24.86235237121582}}}