{"0": {"occlusion": {"overall": 16.96318882195349, "rightHand": 66.60368445914028, "rightUpLeg": 0.0, "leftArm": 81.94224055855284, "leftLeg": 0.0, "leftToeBase": 0.0, "leftFoot": 0.0, "spine1": 7.330595482546201, "spine2": 31.347387717690196, "leftShoulder": 66.0075329566855, "rightShoulder": 40.02808988764045, "rightFoot": 0.0, "head": 0.47614601811222107, "rightArm": 94.98374361356247, "leftHandIndex1": 0.0, "rightLeg": 0.0, "rightHandIndex1": 9.20608108108108, "leftForeArm": 68.99611758180811, "rightForeArm": 100.0, "neck": 31.189166314007615, "rightToeBase": 0.0, "spine": 8.564156310824973, "leftUpLeg": 0.0, "leftHand": 75.28198517563648, "hips": 0.25408529294539656}, "self_occlusion": {"overall": 0.0, "rightHand": 0.0, "rightUpLeg": 0.0, "leftArm": 0.0, "leftLeg": 0.0, "leftToeBase": 0.0, "leftFoot": 0.0, "spine1": 0.0, "spine2": 0.0, "leftShoulder": 0.0, "rightShoulder": 0.0, "rightFoot": 0.0, "head": 0.0, "rightArm": 0.0, "leftHandIndex1": 0.0, "rightLeg": 0.0, "rightHandIndex1": 0.0, "leftForeArm": 0.0, "rightForeArm": 0.0, "neck": 0.0, "rightToeBase": 0.0, "spine": 0.0, "leftUpLeg": 0.0, "leftHand": 0.0, "hips": 0.0}, "truncation": {"overall": 0.0, "rightHand": 0.0, "rightUpLeg": 0.0, "leftArm": 0.0, "leftLeg": 0.0, "leftToeBase": 0.0, "leftFoot": 0.0, "spine1": 0.0, "spine2": 0.0, "leftShoulder": 0.0, "rightShoulder": 0.0, "rightFoot": 0.0, "head": 0.0, "rightArm": 0.0, "leftHandIndex1": 0.0, "rightLeg": 0.0, "rightHandIndex1": 0.0, "leftForeArm": 0.0, "rightForeArm": 0.0, "neck": 0.0, "rightToeBase": 0.0, "spine": 0.0, "leftUpLeg": 0.0, "leftHand": 0.0, "hips": 0.0}}, "1": {"occlusion": {"overall": 7.163941219597714, "rightHand": 0.0, "rightUpLeg": 0.0, "leftArm": 99.74937343358395, "leftLeg": 0.0, "leftToeBase": 0.8361204013377926, "leftFoot": 0.0, "spine1": 26.736778238446757, "spine2": 2.414014099551378, "leftShoulder": 5.090137857900318, "rightShoulder": 0.052882072977260705, "rightFoot": 0.0, "head": 3.333008478705779, "rightArm": 0.0, "leftHandIndex1": 0.0, "rightLeg": 0.0, "rightHandIndex1": 0.0, "leftForeArm": 99.6597916223687, "rightForeArm": 0.0, "neck": 15.463003987594151, "rightToeBase": 0.0, "spine": 0.20448079658605972, "leftUpLeg": 0.0, "leftHand": 47.19566602931804, "hips": 0.0}, "self_occlusion": {"overall": 0.0, "rightHand": 0.0, "rightUpLeg": 0.0, "leftArm": 0.0, "leftLeg": 0.0, "leftToeBase": 0.0, "leftFoot": 0.0, "spine1": 0.0, "spine2": 0.0, "leftShoulder": 0.0, "rightShoulder": 0.0, "rightFoot": 0.0, "head": 0.0, "rightArm": 0.0, "leftHandIndex1": 0.0, "rightLeg": 0.0, "rightHandIndex1": 0.0, "leftForeArm": 0.0, "rightForeArm": 0.0, "neck": 0.0, "rightToeBase": 0.0, "spine": 0.0, "leftUpLeg": 0.0, "leftHand": 0.0, "hips": 0.0}, "truncation": {"overall": 1.7363239328066509, "rightHand": 0.0, "rightUpLeg": 10.358389854431152, "leftArm": 0.0, "leftLeg": 0.0, "leftToeBase": 0.0, "leftFoot": 0.0, "spine1": 0.0, "spine2": 0.0, "leftShoulder": 0.0, "rightShoulder": 0.0, "rightFoot": 0.0, "head": 0.0, "rightArm": 0.0, "leftHandIndex1": 0.0, "rightLeg": 4.358814239501953, "rightHandIndex1": 0.0, "leftForeArm": 0.0, "rightForeArm": 0.0, "neck": 0.0, "rightToeBase": 0.0, "spine": 0.0, "leftUpLeg": 1.4542841911315918, "leftHand": 0.0, "hips": 25.500286102294922}}}