{"0": {"occlusion": {"overall": 16.609988010767683, "rightHand": 63.63636363636363, "rightUpLeg": 0.0, "leftArm": 81.80338541666666, "leftLeg": 0.0, "leftToeBase": 0.0, "leftFoot": 0.0, "spine1": 8.481504189658697, "spine2": 34.35912757693457, "leftShoulder": 69.28, "rightShoulder": 33.969986357435204, "rightFoot": 0.0, "head": 0.0, "rightArm": 95.9387159533074, "leftHandIndex1": 0.0, "rightLeg": 0.0, "rightHandIndex1": 6.456953642384105, "leftForeArm": 68.17571455975447, "rightForeArm": 100.0, "neck": 26.5715559518502, "rightToeBase": 0.0, "spine": 6.176833025261861, "leftUpLeg": 0.0, "leftHand": 70.25847599865726, "hips": 0.015360196610516614}, "self_occlusion": {"overall": 0.0, "rightHand": 0.0, "rightUpLeg": 0.0, "leftArm": 0.0, "leftLeg": 0.0, "leftToeBase": 0.0, "leftFoot": 0.0, "spine1": 0.0, "spine2": 0.0, "leftShoulder": 0.0, "rightShoulder": 0.0, "rightFoot": 0.0, "head": 0.0, "rightArm": 0.0, "leftHandIndex1": 0.0, "rightLeg": 0.0, "rightHandIndex1": 0.0, "leftForeArm": 0.0, "rightForeArm": 0.0, "neck": 0.0, "rightToeBase": 0.0, "spine": 0.0, "leftUpLeg": 0.0, "leftHand": 0.0, "hips": 0.0}, "truncation": {"overall": 0.0, "rightHand": 0.0, "rightUpLeg": 0.0, "leftArm": 0.0, "leftLeg": 0.0, "leftToeBase": 0.0, "leftFoot": 0.0, "spine1": 0.0, "spine2": 0.0, "leftShoulder": 0.0, "rightShoulder": 0.0, "rightFoot": 0.0, "head": 0.0, "rightArm": 0.0, "leftHandIndex1": 0.0, "rightLeg": 0.0, "rightHandIndex1": 0.0, "leftForeArm": 0.0, "rightForeArm": 0.0, "neck": 0.0, "rightToeBase": 0.0, "spine": 0.0, "leftUpLeg": 0.0, "leftHand": 0.0, "hips": 0.0}}, "1": {"occlusion": {"overall": 6.574437357828645, "rightHand": 0.0, "rightUpLeg": 0.0, "leftArm": 99.76905311778292, "leftLeg": 0.0, "leftToeBase": 0.9884678747940692, "leftFoot": 0.0, "spine1": 27.2863568215892, "spine2": 3.349392062399633, "leftShoulder": 5.889724310776942, "rightShoulder": 0.1869158878504673, "rightFoot": 0.0, "head": 3.6896877956480605, "rightArm": 0.0, "leftHandIndex1": 0.0, "rightLeg": 0.0, "rightHandIndex1": 0.0, "leftForeArm": 99.80752780153978, "rightForeArm": 0.0, "neck": 14.539504441327722, "rightToeBase": 0.0, "spine": 0.07279344858962694, "leftUpLeg": 0.0, "leftHand": 44.67021985343105, "hips": 0.0}, "self_occlusion": {"overall": 0.0, "rightHand": 0.0, "rightUpLeg": 0.0, "leftArm": 0.0, "leftLeg": 0.0, "leftToeBase": 0.0, "leftFoot": 0.0, "spine1": 0.0, "spine2": 0.0, "leftShoulder": 0.0, "rightShoulder": 0.0, "rightFoot": 0.0, "head": 0.0, "rightArm": 0.0, "leftHandIndex1": 0.0, "rightLeg": 0.0, "rightHandIndex1": 0.0, "leftForeArm": 0.0, "rightForeArm": 0.0, "neck": 0.0, "rightToeBase": 0.0, "spine": 0.0, "leftUpLeg": 0.0, "leftHand": 0.0, "hips": 0.0}, "truncation": {"overall": 0.0, "rightHand": 0.0, "rightUpLeg": 0.0, "leftArm": 0.0, "leftLeg": 0.0, "leftToeBase": 0.0, "leftFoot": 0.0, "spine1": 0.0, "spine2": 0.0, "leftShoulder": 0.0, "rightShoulder": 0.0, "rightFoot": 0.0, "head": 0.0, "rightArm": 0.0, "leftHandIndex1": 0.0, "rightLeg": 0.0, "rightHandIndex1": 0.0, "leftForeArm": 0.0, "rightForeArm": 0.0, "neck": 0.0, "rightToeBase": 0.0, "spine": 0.0, "leftUpLeg": 0.0, "leftHand": 0.0, "hips": 0.0}}}