{"0": {"occlusion": {"overall": 18.132824037918795, "rightHand": 47.8494623655914, "rightUpLeg": 0.0, "leftArm": 86.52719665271967, "leftLeg": 0.0, "leftToeBase": 0.0, "leftFoot": 0.0, "spine1": 32.062114638045216, "spine2": 34.66837552066646, "leftShoulder": 49.75505205143907, "rightShoulder": 0.0, "rightFoot": 0.0, "head": 5.46822258655608, "rightArm": 70.6371191135734, "leftHandIndex1": 0.0, "rightLeg": 0.0, "rightHandIndex1": 12.997903563941298, "leftForeArm": 82.76568025311744, "rightForeArm": 100.0, "neck": 65.5860349127182, "rightToeBase": 6.043956043956044, "spine": 8.116511209294714, "leftUpLeg": 0.0, "leftHand": 62.08031599736669, "hips": 0.5811822608513535}, "self_occlusion": {"overall": 0.0, "rightHand": 0.0, "rightUpLeg": 0.0, "leftArm": 0.0, "leftLeg": 0.0, "leftToeBase": 0.0, "leftFoot": 0.0, "spine1": 0.0, "spine2": 0.0, "leftShoulder": 0.0, "rightShoulder": 0.0, "rightFoot": 0.0, "head": 0.0, "rightArm": 0.0, "leftHandIndex1": 0.0, "rightLeg": 0.0, "rightHandIndex1": 0.0, "leftForeArm": 0.0, "rightForeArm": 0.0, "neck": 0.0, "rightToeBase": 0.0, "spine": 0.0, "leftUpLeg": 0.0, "leftHand": 0.0, "hips": 0.0}, "truncation": {"overall": 0.0, "rightHand": 0.0, "rightUpLeg": 0.0, "leftArm": 0.0, "leftLeg": 0.0, "leftToeBase": 0.0, "leftFoot": 0.0, "spine1": 0.0, "spine2": 0.0, "leftShoulder": 0.0, "rightShoulder": 0.0, "rightFoot": 0.0, "head": 0.0, "rightArm": 0.0, "leftHandIndex1": 0.0, "rightLeg": 0.0, "rightHandIndex1": 0.0, "leftForeArm": 0.0, "rightForeArm": 0.0, "neck": 0.0, "rightToeBase": 0.0, "spine": 0.0, "leftUpLeg": 0.0, "leftHand": 0.0, "hips": 0.0}}, "1": {"occlusion": {"overall": 4.68876877791311, "rightHand": 0.0, "rightUpLeg": 0.0, "leftArm": 70.58823529411765, "leftLeg": 0.0, "leftToeBase": 86.55737704918033, "leftFoot": 5.769796879599647, "spine1": 15.36316095293434, "spine2": 0.666207213416035, "leftShoulder": 23.848238482384822, "rightShoulder": 0.025188916876574305, "rightFoot": 0.0, "head": 1.1523809523809523, "rightArm": 0.0, "leftHandIndex1": 0.0, "rightLeg": 0.0, "rightHandIndex1": 0.0, "leftForeArm": 100.0, "rightForeArm": 0.0, "neck": 5.857933579335793, "rightToeBase": 0.0, "spine": 0.0, "leftUpLeg": 0.0, "leftHand": 59.05912269548633, "hips": 0.0}, "self_occlusion": {"overall": 0.0, "rightHand": 0.0, "rightUpLeg": 0.0, "leftArm": 0.0, "leftLeg": 0.0, "leftToeBase": 0.0, "leftFoot": 0.0, "spine1": 0.0, "spine2": 0.0, "leftShoulder": 0.0, "rightShoulder": 0.0, "rightFoot": 0.0, "head": 0.0, "rightArm": 0.0, "leftHandIndex1": 0.0, "rightLeg": 0.0, "rightHandIndex1": 0.0, "leftForeArm": 0.0, "rightForeArm": 0.0, "neck": 0.0, "rightToeBase": 0.0, "spine": 0.0, "leftUpLeg": 0.0, "leftHand": 0.0, "hips": 0.0}, "truncation": {"overall": 0.0, "rightHand": 0.0, "rightUpLeg": 0.0, "leftArm": 0.0, "leftLeg": 0.0, "leftToeBase": 0.0, "leftFoot": 0.0, "spine1": 0.0, "spine2": 0.0, "leftShoulder": 0.0, "rightShoulder": 0.0, "rightFoot": 0.0, "head": 0.0, "rightArm": 0.0, "leftHandIndex1": 0.0, "rightLeg": 0.0, "rightHandIndex1": 0.0, "leftForeArm": 0.0, "rightForeArm": 0.0, "neck": 0.0, "rightToeBase": 0.0, "spine": 0.0, "leftUpLeg": 0.0, "leftHand": 0.0, "hips": 0.0}}}