{"0": {"occlusion": {"overall": 18.220459904774778, "rightHand": 57.830687830687836, "rightUpLeg": 0.0, "leftArm": 90.46118115461181, "leftLeg": 0.0, "leftToeBase": 0.0, "leftFoot": 0.0, "spine1": 11.424404472532816, "spine2": 31.181102362204726, "leftShoulder": 47.3568281938326, "rightShoulder": 5.565529622980251, "rightFoot": 0.0, "head": 7.6701821668264625, "rightArm": 84.81960517358748, "leftHandIndex1": 0.0, "rightLeg": 0.0, "rightHandIndex1": 6.998158379373849, "leftForeArm": 74.00180668473352, "rightForeArm": 100.0, "neck": 70.22403258655805, "rightToeBase": 0.11248593925759282, "spine": 10.80667380988826, "leftUpLeg": 0.0, "leftHand": 83.30152671755725, "hips": 0.8844720496894409}, "self_occlusion": {"overall": 0.0, "rightHand": 0.0, "rightUpLeg": 0.0, "leftArm": 0.0, "leftLeg": 0.0, "leftToeBase": 0.0, "leftFoot": 0.0, "spine1": 0.0, "spine2": 0.0, "leftShoulder": 0.0, "rightShoulder": 0.0, "rightFoot": 0.0, "head": 0.0, "rightArm": 0.0, "leftHandIndex1": 0.0, "rightLeg": 0.0, "rightHandIndex1": 0.0, "leftForeArm": 0.0, "rightForeArm": 0.0, "neck": 0.0, "rightToeBase": 0.0, "spine": 0.0, "leftUpLeg": 0.0, "leftHand": 0.0, "hips": 0.0}, "truncation": {"overall": 0.0, "rightHand": 0.0, "rightUpLeg": 0.0, "leftArm": 0.0, "leftLeg": 0.0, "leftToeBase": 0.0, "leftFoot": 0.0, "spine1": 0.0, "spine2": 0.0, "leftShoulder": 0.0, "rightShoulder": 0.0, "rightFoot": 0.0, "head": 0.0, "rightArm": 0.0, "leftHandIndex1": 0.0, "rightLeg": 0.0, "rightHandIndex1": 0.0, "leftForeArm": 0.0, "rightForeArm": 0.0, "neck": 0.0, "rightToeBase": 0.0, "spine": 0.0, "leftUpLeg": 0.0, "leftHand": 0.0, "hips": 0.0}}, "1": {"occlusion": {"overall": 6.47373439502914, "rightHand": 0.0, "rightUpLeg": 0.0, "leftArm": 95.22102747909199, "leftLeg": 0.0, "leftToeBase": 48.02065404475043, "leftFoot": 0.03129890453834116, "spine1": 19.793221061607333, "spine2": 0.8729993764290168, "leftShoulder": 11.147186147186147, "rightShoulder": 0.024437927663734114, "rightFoot": 0.0, "head": 2.0396653820847823, "rightArm": 0.0, "leftHandIndex1": 0.0, "rightLeg": 0.0, "rightHandIndex1": 0.0, "leftForeArm": 100.0, "rightForeArm": 0.0, "neck": 14.142062473256312, "rightToeBase": 0.0, "spine": 0.2291685764048034, "leftUpLeg": 0.0, "leftHand": 54.67466835123184, "hips": 0.0}, "self_occlusion": {"overall": 0.0, "rightHand": 0.0, "rightUpLeg": 0.0, "leftArm": 0.0, "leftLeg": 0.0, "leftToeBase": 0.0, "leftFoot": 0.0, "spine1": 0.0, "spine2": 0.0, "leftShoulder": 0.0, "rightShoulder": 0.0, "rightFoot": 0.0, "head": 0.0, "rightArm": 0.0, "leftHandIndex1": 0.0, "rightLeg": 0.0, "rightHandIndex1": 0.0, "leftForeArm": 0.0, "rightForeArm": 0.0, "neck": 0.0, "rightToeBase": 0.0, "spine": 0.0, "leftUpLeg": 0.0, "leftHand": 0.0, "hips": 0.0}, "truncation": {"overall": 1.3612512250741322, "rightHand": 0.0, "rightUpLeg": 6.004305362701416, "leftArm": 0.0, "leftLeg": 0.0, "leftToeBase": 0.0, "leftFoot": 0.0, "spine1": 0.0, "spine2": 0.0, "leftShoulder": 0.0, "rightShoulder": 0.0, "rightFoot": 0.0, "head": 0.0, "rightArm": 0.0, "leftHandIndex1": 0.0, "rightLeg": 1.765735387802124, "rightHandIndex1": 0.0, "leftForeArm": 0.0, "rightForeArm": 0.0, "neck": 0.0, "rightToeBase": 0.0, "spine": 0.0, "leftUpLeg": 1.0252842903137207, "leftHand": 0.0, "hips": 23.874704360961914}}}