{"0": {"occlusion": {"overall": 2.1051275954984905, "rightHand": 0.0, "rightUpLeg": 0.0, "leftArm": 0.0, "leftLeg": 0.0, "leftToeBase": 0.0, "leftFoot": 0.0, "spine1": 0.0, "spine2": 0.3855050115651504, "leftShoulder": 0.0, "rightShoulder": 39.26782273603083, "rightFoot": 0.0, "head": 2.8169014084507045, "rightArm": 22.10095497953615, "leftHandIndex1": 0.0, "rightLeg": 0.0, "rightHandIndex1": 0.0, "leftForeArm": 0.0, "rightForeArm": 0.0, "neck": 0.0, "rightToeBase": 0.0, "spine": 0.0, "leftUpLeg": 0.0, "leftHand": 0.0, "hips": 0.0}, "self_occlusion": {"overall": 0.0, "rightHand": 0.0, "rightUpLeg": 0.0, "leftArm": 0.0, "leftLeg": 0.0, "leftToeBase": 0.0, "leftFoot": 0.0, "spine1": 0.0, "spine2": 0.0, "leftShoulder": 0.0, "rightShoulder": 0.0, "rightFoot": 0.0, "head": 0.0, "rightArm": 0.0, "leftHandIndex1": 0.0, "rightLeg": 0.0, "rightHandIndex1": 0.0, "leftForeArm": 0.0, "rightForeArm": 0.0, "neck": 0.0, "rightToeBase": 0.0, "spine": 0.0, "leftUpLeg": 0.0, "leftHand": 0.0, "hips": 0.0}, "truncation": {"overall": 0.0, "rightHand": 0.0, "rightUpLeg": 0.0, "leftArm": 0.0, "leftLeg": 0.0, "leftToeBase": 0.0, "leftFoot": 0.0, "spine1": 0.0, "spine2": 0.0, "leftShoulder": 0.0, "rightShoulder": 0.0, "rightFoot": 0.0, "head": 0.0, "rightArm": 0.0, "leftHandIndex1": 0.0, "rightLeg": 0.0, "rightHandIndex1": 0.0, "leftForeArm": 0.0, "rightForeArm": 0.0, "neck": 0.0, "rightToeBase": 0.0, "spine": 0.0, "leftUpLeg": 0.0, "leftHand": 0.0, "hips": 0.0}}, "1": {"occlusion": {"overall": 0.0, "rightHand": 0.0, "rightUpLeg": 0.0, "leftArm": 0.0, "leftLeg": 0.0, "leftToeBase": 0.0, "leftFoot": 0.0, "spine1": 0.0, "spine2": 0.0, "leftShoulder": 0.0, "rightShoulder": 0.0, "rightFoot": 0.0, "head": 0.0, "rightArm": 0.0, "leftHandIndex1": 0.0, "rightLeg": 0.0, "rightHandIndex1": 0.0, "leftForeArm": 0.0, "rightForeArm": 0.0, "neck": 0.0, "rightToeBase": 0.0, "spine": 0.0, "leftUpLeg": 0.0, "leftHand": 0.0, "hips": 0.0}, "self_occlusion": {"overall": 0.0, "rightHand": 0.0, "rightUpLeg": 0.0, "leftArm": 0.0, "leftLeg": 0.0, "leftToeBase": 0.0, "leftFoot": 0.0, "spine1": 0.0, "spine2": 0.0, "leftShoulder": 0.0, "rightShoulder": 0.0, "rightFoot": 0.0, "head": 0.0, "rightArm": 0.0, "leftHandIndex1": 0.0, "rightLeg": 0.0, "rightHandIndex1": 0.0, "leftForeArm": 0.0, "rightForeArm": 0.0, "neck": 0.0, "rightToeBase": 0.0, "spine": 0.0, "leftUpLeg": 0.0, "leftHand": 0.0, "hips": 0.0}, "truncation": {"overall": 30.97615337371826, "rightHand": 0.0, "rightUpLeg": 4.310157299041748, "leftArm": 74.23509979248047, "leftLeg": 28.45403289794922, "leftToeBase": 0.0, "leftFoot": 9.745162010192871, "spine1": 47.09130096435547, "spine2": 56.78695297241211, "leftShoulder": 88.60013580322266, "rightShoulder": 61.7624397277832, "rightFoot": 88.72870635986328, "head": 36.05521774291992, "rightArm": 7.5471014976501465, "leftHandIndex1": 0.0, "rightLeg": 26.428773880004883, "rightHandIndex1": 0.0, "leftForeArm": 4.645583152770996, "rightForeArm": 0.0, "neck": 66.27381134033203, "rightToeBase": 2.557925224304199, "spine": 53.785091400146484, "leftUpLeg": 27.622169494628906, "leftHand": 0.0, "hips": 58.79801940917969}}}