{"0": {"occlusion": {"overall": 17.460091433710556, "rightHand": 40.64837905236908, "rightUpLeg": 0.0, "leftArm": 68.7110528041981, "leftLeg": 0.0, "leftToeBase": 0.0, "leftFoot": 0.0, "spine1": 42.2022022022022, "spine2": 58.566221142162824, "leftShoulder": 81.15853658536587, "rightShoulder": 29.577464788732392, "rightFoot": 0.0, "head": 3.8936551334024703, "rightArm": 70.15479876160991, "leftHandIndex1": 0.0, "rightLeg": 0.0, "rightHandIndex1": 8.705612829324169, "leftForeArm": 80.68917264299458, "rightForeArm": 100.0, "neck": 23.54663320786282, "rightToeBase": 1.4941302027748131, "spine": 7.429190527782077, "leftUpLeg": 0.0, "leftHand": 36.125, "hips": 0.7819594390071637}, "self_occlusion": {"overall": 0.0, "rightHand": 0.0, "rightUpLeg": 0.0, "leftArm": 0.0, "leftLeg": 0.0, "leftToeBase": 0.0, "leftFoot": 0.0, "spine1": 0.0, "spine2": 0.0, "leftShoulder": 0.0, "rightShoulder": 0.0, "rightFoot": 0.0, "head": 0.0, "rightArm": 0.0, "leftHandIndex1": 0.0, "rightLeg": 0.0, "rightHandIndex1": 0.0, "leftForeArm": 0.0, "rightForeArm": 0.0, "neck": 0.0, "rightToeBase": 0.0, "spine": 0.0, "leftUpLeg": 0.0, "leftHand": 0.0, "hips": 0.0}, "truncation": {"overall": 0.0, "rightHand": 0.0, "rightUpLeg": 0.0, "leftArm": 0.0, "leftLeg": 0.0, "leftToeBase": 0.0, "leftFoot": 0.0, "spine1": 0.0, "spine2": 0.0, "leftShoulder": 0.0, "rightShoulder": 0.0, "rightFoot": 0.0, "head": 0.0, "rightArm": 0.0, "leftHandIndex1": 0.0, "rightLeg": 0.0, "rightHandIndex1": 0.0, "leftForeArm": 0.0, "rightForeArm": 0.0, "neck": 0.0, "rightToeBase": 0.0, "spine": 0.0, "leftUpLeg": 0.0, "leftHand": 0.0, "hips": 0.0}}, "1": {"occlusion": {"overall": 3.420845383612503, "rightHand": 0.0, "rightUpLeg": 0.0, "leftArm": 100.0, "leftLeg": 0.0, "leftToeBase": 78.90365448504983, "leftFoot": 2.763902763902764, "spine1": 20.040507408591836, "spine2": 1.2162440733869306, "leftShoulder": 0.0, "rightShoulder": 0.17304780445598097, "rightFoot": 0.0, "head": 1.6087516087516087, "rightArm": 0.0, "leftHandIndex1": 0.0, "rightLeg": 0.0, "rightHandIndex1": 0.0, "leftForeArm": 100.0, "rightForeArm": 0.0, "neck": 2.192090395480226, "rightToeBase": 0.0, "spine": 0.0, "leftUpLeg": 0.0, "leftHand": 31.729518855656696, "hips": 0.0}, "self_occlusion": {"overall": 0.0, "rightHand": 0.0, "rightUpLeg": 0.0, "leftArm": 0.0, "leftLeg": 0.0, "leftToeBase": 0.0, "leftFoot": 0.0, "spine1": 0.0, "spine2": 0.0, "leftShoulder": 0.0, "rightShoulder": 0.0, "rightFoot": 0.0, "head": 0.0, "rightArm": 0.0, "leftHandIndex1": 0.0, "rightLeg": 0.0, "rightHandIndex1": 0.0, "leftForeArm": 0.0, "rightForeArm": 0.0, "neck": 0.0, "rightToeBase": 0.0, "spine": 0.0, "leftUpLeg": 0.0, "leftHand": 0.0, "hips": 0.0}, "truncation": {"overall": 1.5515371263027191, "rightHand": 0.0, "rightUpLeg": 6.090402603149414, "leftArm": 0.0, "leftLeg": 0.0, "leftToeBase": 0.0, "leftFoot": 0.0, "spine1": 0.0, "spine2": 0.0, "leftShoulder": 0.0, "rightShoulder": 0.0, "rightFoot": 0.0, "head": 0.0, "rightArm": 0.0, "leftHandIndex1": 0.0, "rightLeg": 0.0, "rightHandIndex1": 0.0, "leftForeArm": 0.0, "rightForeArm": 0.0, "neck": 0.0, "rightToeBase": 0.0, "spine": 0.0, "leftUpLeg": 1.119182825088501, "leftHand": 0.0, "hips": 30.027305603027344}}}