{"0": {"occlusion": {"overall": 3.026046017161521, "rightHand": 0.0, "rightUpLeg": 0.0, "leftArm": 0.0, "leftLeg": 0.0, "leftToeBase": 0.0, "leftFoot": 0.0, "spine1": 0.0, "spine2": 2.201081887707517, "leftShoulder": 0.0, "rightShoulder": 58.41660261337432, "rightFoot": 0.0, "head": 3.8055887789496574, "rightArm": 23.80820399113082, "leftHandIndex1": 0.0, "rightLeg": 0.0, "rightHandIndex1": 0.0, "leftForeArm": 0.0, "rightForeArm": 0.0, "neck": 10.68007662835249, "rightToeBase": 0.0, "spine": 0.0, "leftUpLeg": 0.0, "leftHand": 0.0, "hips": 0.0}, "self_occlusion": {"overall": 0.0, "rightHand": 0.0, "rightUpLeg": 0.0, "leftArm": 0.0, "leftLeg": 0.0, "leftToeBase": 0.0, "leftFoot": 0.0, "spine1": 0.0, "spine2": 0.0, "leftShoulder": 0.0, "rightShoulder": 0.0, "rightFoot": 0.0, "head": 0.0, "rightArm": 0.0, "leftHandIndex1": 0.0, "rightLeg": 0.0, "rightHandIndex1": 0.0, "leftForeArm": 0.0, "rightForeArm": 0.0, "neck": 0.0, "rightToeBase": 0.0, "spine": 0.0, "leftUpLeg": 0.0, "leftHand": 0.0, "hips": 0.0}, "truncation": {"overall": 0.0, "rightHand": 0.0, "rightUpLeg": 0.0, "leftArm": 0.0, "leftLeg": 0.0, "leftToeBase": 0.0, "leftFoot": 0.0, "spine1": 0.0, "spine2": 0.0, "leftShoulder": 0.0, "rightShoulder": 0.0, "rightFoot": 0.0, "head": 0.0, "rightArm": 0.0, "leftHandIndex1": 0.0, "rightLeg": 0.0, "rightHandIndex1": 0.0, "leftForeArm": 0.0, "rightForeArm": 0.0, "neck": 0.0, "rightToeBase": 0.0, "spine": 0.0, "leftUpLeg": 0.0, "leftHand": 0.0, "hips": 0.0}}, "1": {"occlusion": {"overall": 0.0, "rightHand": 0.0, "rightUpLeg": 0.0, "leftArm": 0.0, "leftLeg": 0.0, "leftToeBase": 0.0, "leftFoot": 0.0, "spine1": 0.0, "spine2": 0.0, "leftShoulder": 0.0, "rightShoulder": 0.0, "rightFoot": 0.0, "head": 0.0, "rightArm": 0.0, "leftHandIndex1": 0.0, "rightLeg": 0.0, "rightHandIndex1": 0.0, "leftForeArm": 0.0, "rightForeArm": 0.0, "neck": 0.0, "rightToeBase": 0.0, "spine": 0.0, "leftUpLeg": 0.0, "leftHand": 0.0, "hips": 0.0}, "self_occlusion": {"overall": 0.0, "rightHand": 0.0, "rightUpLeg": 0.0, "leftArm": 0.0, "leftLeg": 0.0, "leftToeBase": 0.0, "leftFoot": 0.0, "spine1": 0.0, "spine2": 0.0, "leftShoulder": 0.0, "rightShoulder": 0.0, "rightFoot": 0.0, "head": 0.0, "rightArm": 0.0, "leftHandIndex1": 0.0, "rightLeg": 0.0, "rightHandIndex1": 0.0, "leftForeArm": 0.0, "rightForeArm": 0.0, "neck": 0.0, "rightToeBase": 0.0, "spine": 0.0, "leftUpLeg": 0.0, "leftHand": 0.0, "hips": 0.0}, "truncation": {"overall": 25.001580869158108, "rightHand": 0.0, "rightUpLeg": 2.610532760620117, "leftArm": 62.031070709228516, "leftLeg": 30.66870880126953, "leftToeBase": 0.0, "leftFoot": 10.258378982543945, "spine1": 44.115318298339844, "spine2": 52.792274475097656, "leftShoulder": 80.95528411865234, "rightShoulder": 56.9702262878418, "rightFoot": 31.42314338684082, "head": 30.689769744873047, "rightArm": 4.358487129211426, "leftHandIndex1": 0.0, "rightLeg": 3.3852808475494385, "rightHandIndex1": 0.0, "leftForeArm": 1.0554929971694946, "rightForeArm": 0.0, "neck": 56.587738037109375, "rightToeBase": 0.0, "spine": 51.25983810424805, "leftUpLeg": 25.532188415527344, "leftHand": 0.0, "hips": 55.344207763671875}}}