{"0": {"occlusion": {"overall": 18.402233875910923, "rightHand": 49.2063492063492, "rightUpLeg": 0.0, "leftArm": 89.94219653179191, "leftLeg": 0.0, "leftToeBase": 0.0, "leftFoot": 0.0, "spine1": 26.541176470588233, "spine2": 32.85401688027509, "leftShoulder": 51.44560357675112, "rightShoulder": 0.0, "rightFoot": 0.0, "head": 6.09984984984985, "rightArm": 71.48717948717949, "leftHandIndex1": 0.0, "rightLeg": 0.0, "rightHandIndex1": 9.887869520897045, "leftForeArm": 79.3252751217752, "rightForeArm": 100.0, "neck": 71.5904492108458, "rightToeBase": 1.905829596412556, "spine": 8.51063829787234, "leftUpLeg": 0.0, "leftHand": 73.19391634980988, "hips": 0.7875605815831987}, "self_occlusion": {"overall": 0.0, "rightHand": 0.0, "rightUpLeg": 0.0, "leftArm": 0.0, "leftLeg": 0.0, "leftToeBase": 0.0, "leftFoot": 0.0, "spine1": 0.0, "spine2": 0.0, "leftShoulder": 0.0, "rightShoulder": 0.0, "rightFoot": 0.0, "head": 0.0, "rightArm": 0.0, "leftHandIndex1": 0.0, "rightLeg": 0.0, "rightHandIndex1": 0.0, "leftForeArm": 0.0, "rightForeArm": 0.0, "neck": 0.0, "rightToeBase": 0.0, "spine": 0.0, "leftUpLeg": 0.0, "leftHand": 0.0, "hips": 0.0}, "truncation": {"overall": 0.0, "rightHand": 0.0, "rightUpLeg": 0.0, "leftArm": 0.0, "leftLeg": 0.0, "leftToeBase": 0.0, "leftFoot": 0.0, "spine1": 0.0, "spine2": 0.0, "leftShoulder": 0.0, "rightShoulder": 0.0, "rightFoot": 0.0, "head": 0.0, "rightArm": 0.0, "leftHandIndex1": 0.0, "rightLeg": 0.0, "rightHandIndex1": 0.0, "leftForeArm": 0.0, "rightForeArm": 0.0, "neck": 0.0, "rightToeBase": 0.0, "spine": 0.0, "leftUpLeg": 0.0, "leftHand": 0.0, "hips": 0.0}}, "1": {"occlusion": {"overall": 5.014327561889321, "rightHand": 0.0, "rightUpLeg": 0.0, "leftArm": 70.53571428571429, "leftLeg": 0.0, "leftToeBase": 84.24543946932008, "leftFoot": 3.4980744544287545, "spine1": 17.0503272399007, "spine2": 1.0869565217391304, "leftShoulder": 21.588089330024815, "rightShoulder": 0.023815194093831864, "rightFoot": 0.0, "head": 1.189935507312199, "rightArm": 0.0, "leftHandIndex1": 0.0, "rightLeg": 0.0, "rightHandIndex1": 0.0, "leftForeArm": 100.0, "rightForeArm": 0.0, "neck": 7.211328976034858, "rightToeBase": 0.0, "spine": 0.017990465053521636, "leftUpLeg": 0.0, "leftHand": 61.092150170648466, "hips": 0.0}, "self_occlusion": {"overall": 0.0, "rightHand": 0.0, "rightUpLeg": 0.0, "leftArm": 0.0, "leftLeg": 0.0, "leftToeBase": 0.0, "leftFoot": 0.0, "spine1": 0.0, "spine2": 0.0, "leftShoulder": 0.0, "rightShoulder": 0.0, "rightFoot": 0.0, "head": 0.0, "rightArm": 0.0, "leftHandIndex1": 0.0, "rightLeg": 0.0, "rightHandIndex1": 0.0, "leftForeArm": 0.0, "rightForeArm": 0.0, "neck": 0.0, "rightToeBase": 0.0, "spine": 0.0, "leftUpLeg": 0.0, "leftHand": 0.0, "hips": 0.0}, "truncation": {"overall": 1.2287404425442219, "rightHand": 0.0, "rightUpLeg": 4.761944770812988, "leftArm": 0.0, "leftLeg": 0.0, "leftToeBase": 0.0, "leftFoot": 0.0, "spine1": 0.0, "spine2": 0.0, "leftShoulder": 0.0, "rightShoulder": 0.0, "rightFoot": 0.0, "head": 0.0, "rightArm": 0.0, "leftHandIndex1": 0.0, "rightLeg": 0.18467125296592712, "rightHandIndex1": 0.0, "leftForeArm": 0.0, "rightForeArm": 0.0, "neck": 0.0, "rightToeBase": 0.0, "spine": 0.0, "leftUpLeg": 0.27911651134490967, "leftHand": 0.0, "hips": 24.2640380859375}}}