{"0": {"occlusion": {"overall": 17.404804331699264, "rightHand": 66.73740053050398, "rightUpLeg": 0.0, "leftArm": 85.17397881996975, "leftLeg": 0.0, "leftToeBase": 0.0, "leftFoot": 0.0, "spine1": 5.201499531396438, "spine2": 30.181818181818183, "leftShoulder": 48.314238952536826, "rightShoulder": 33.33333333333333, "rightFoot": 0.0, "head": 6.532019704433497, "rightArm": 90.66511085180863, "leftHandIndex1": 0.0, "rightLeg": 0.0, "rightHandIndex1": 8.646616541353383, "leftForeArm": 68.60816944024207, "rightForeArm": 100.0, "neck": 65.36668079694786, "rightToeBase": 0.0, "spine": 9.834788029925187, "leftUpLeg": 0.0, "leftHand": 79.91251682368775, "hips": 0.6188495485441818}, "self_occlusion": {"overall": 0.0, "rightHand": 0.0, "rightUpLeg": 0.0, "leftArm": 0.0, "leftLeg": 0.0, "leftToeBase": 0.0, "leftFoot": 0.0, "spine1": 0.0, "spine2": 0.0, "leftShoulder": 0.0, "rightShoulder": 0.0, "rightFoot": 0.0, "head": 0.0, "rightArm": 0.0, "leftHandIndex1": 0.0, "rightLeg": 0.0, "rightHandIndex1": 0.0, "leftForeArm": 0.0, "rightForeArm": 0.0, "neck": 0.0, "rightToeBase": 0.0, "spine": 0.0, "leftUpLeg": 0.0, "leftHand": 0.0, "hips": 0.0}, "truncation": {"overall": 0.0, "rightHand": 0.0, "rightUpLeg": 0.0, "leftArm": 0.0, "leftLeg": 0.0, "leftToeBase": 0.0, "leftFoot": 0.0, "spine1": 0.0, "spine2": 0.0, "leftShoulder": 0.0, "rightShoulder": 0.0, "rightFoot": 0.0, "head": 0.0, "rightArm": 0.0, "leftHandIndex1": 0.0, "rightLeg": 0.0, "rightHandIndex1": 0.0, "leftForeArm": 0.0, "rightForeArm": 0.0, "neck": 0.0, "rightToeBase": 0.0, "spine": 0.0, "leftUpLeg": 0.0, "leftHand": 0.0, "hips": 0.0}}, "1": {"occlusion": {"overall": 6.969559178029283, "rightHand": 0.0, "rightUpLeg": 0.0, "leftArm": 98.56603773584905, "leftLeg": 0.0, "leftToeBase": 17.081260364842453, "leftFoot": 0.0, "spine1": 24.704630122405536, "spine2": 2.2426553038797934, "leftShoulder": 7.12041884816754, "rightShoulder": 0.0526592943654555, "rightFoot": 0.0, "head": 2.577266659821337, "rightArm": 0.0, "leftHandIndex1": 0.0, "rightLeg": 0.0, "rightHandIndex1": 0.0, "leftForeArm": 99.82433025911287, "rightForeArm": 0.0, "neck": 16.91259931895573, "rightToeBase": 0.0, "spine": 0.2585172190933432, "leftUpLeg": 0.0, "leftHand": 53.05555555555556, "hips": 0.0}, "self_occlusion": {"overall": 0.0, "rightHand": 0.0, "rightUpLeg": 0.0, "leftArm": 0.0, "leftLeg": 0.0, "leftToeBase": 0.0, "leftFoot": 0.0, "spine1": 0.0, "spine2": 0.0, "leftShoulder": 0.0, "rightShoulder": 0.0, "rightFoot": 0.0, "head": 0.0, "rightArm": 0.0, "leftHandIndex1": 0.0, "rightLeg": 0.0, "rightHandIndex1": 0.0, "leftForeArm": 0.0, "rightForeArm": 0.0, "neck": 0.0, "rightToeBase": 0.0, "spine": 0.0, "leftUpLeg": 0.0, "leftHand": 0.0, "hips": 0.0}, "truncation": {"overall": 0.0, "rightHand": 0.0, "rightUpLeg": 0.0, "leftArm": 0.0, "leftLeg": 0.0, "leftToeBase": 0.0, "leftFoot": 0.0, "spine1": 0.0, "spine2": 0.0, "leftShoulder": 0.0, "rightShoulder": 0.0, "rightFoot": 0.0, "head": 0.0, "rightArm": 0.0, "leftHandIndex1": 0.0, "rightLeg": 0.0, "rightHandIndex1": 0.0, "leftForeArm": 0.0, "rightForeArm": 0.0, "neck": 0.0, "rightToeBase": 0.0, "spine": 0.0, "leftUpLeg": 0.0, "leftHand": 0.0, "hips": 0.0}}}