{"overall": 0.15, "0": {"occlusion": {"overall": 0.125, "pelvis": false, "left_hip": false, "right_hip": false, "spine1": false, "left_knee": true, "right_knee": false, "spine2": false, "left_ankle": true, "right_ankle": false, "spine3": false, "left_foot": false, "right_foot": false, "neck": false, "left_collar": false, "right_collar": false, "head": false, "left_shoulder": false, "right_shoulder": false, "left_elbow": false, "right_elbow": false, "left_wrist": false, "right_wrist": false, "left_hand": true, "right_hand": false}, "truncation": {"overall": 0.0, "pelvis": false, "left_hip": false, "right_hip": false, "spine1": false, "left_knee": false, "right_knee": false, "spine2": false, "left_ankle": false, "right_ankle": false, "spine3": false, "left_foot": false, "right_foot": false, "neck": false, "left_collar": false, "right_collar": false, "head": false, "left_shoulder": false, "right_shoulder": false, "left_elbow": false, "right_elbow": false, "left_wrist": false, "right_wrist": false, "left_hand": false, "right_hand": false}}, "1": {"occlusion": {"overall": 0.2916666666666667, "pelvis": true, "left_hip": true, "right_hip": true, "spine1": true, "left_knee": false, "right_knee": false, "spine2": false, "left_ankle": true, "right_ankle": true, "spine3": false, "left_foot": true, "right_foot": false, "neck": false, "left_collar": false, "right_collar": false, "head": false, "left_shoulder": false, "right_shoulder": false, "left_elbow": false, "right_elbow": false, "left_wrist": false, "right_wrist": false, "left_hand": false, "right_hand": false}, "truncation": {"overall": 0.0, "pelvis": false, "left_hip": false, "right_hip": false, "spine1": false, "left_knee": false, "right_knee": false, "spine2": false, "left_ankle": false, "right_ankle": false, "spine3": false, "left_foot": false, "right_foot": false, "neck": false, "left_collar": false, "right_collar": false, "head": false, "left_shoulder": false, "right_shoulder": false, "left_elbow": false, "right_elbow": false, "left_wrist": false, "right_wrist": false, "left_hand": false, "right_hand": false}}, "2": {"occlusion": {"overall": 0.041666666666666664, "pelvis": false, "left_hip": false, "right_hip": false, "spine1": false, "left_knee": false, "right_knee": false, "spine2": false, "left_ankle": false, "right_ankle": false, "spine3": false, "left_foot": false, "right_foot": true, "neck": false, "left_collar": false, "right_collar": false, "head": false, "left_shoulder": false, "right_shoulder": false, "left_elbow": false, "right_elbow": false, "left_wrist": false, "right_wrist": false, "left_hand": false, "right_hand": false}, "truncation": {"overall": 0.0, "pelvis": false, "left_hip": false, "right_hip": false, "spine1": false, "left_knee": false, "right_knee": false, "spine2": false, "left_ankle": false, "right_ankle": false, "spine3": false, "left_foot": false, "right_foot": false, "neck": false, "left_collar": false, "right_collar": false, "head": false, "left_shoulder": false, "right_shoulder": false, "left_elbow": false, "right_elbow": false, "left_wrist": false, "right_wrist": false, "left_hand": false, "right_hand": false}}, "3": {"occlusion": {"overall": 0.0, "pelvis": false, "left_hip": false, "right_hip": false, "spine1": false, "left_knee": false, "right_knee": false, "spine2": false, "left_ankle": false, "right_ankle": false, "spine3": false, "left_foot": false, "right_foot": false, "neck": false, "left_collar": false, "right_collar": false, "head": false, "left_shoulder": false, "right_shoulder": false, "left_elbow": false, "right_elbow": false, "left_wrist": false, "right_wrist": false, "left_hand": false, "right_hand": false}, "truncation": {"overall": 0.0, "pelvis": false, "left_hip": false, "right_hip": false, "spine1": false, "left_knee": false, "right_knee": false, "spine2": false, "left_ankle": false, "right_ankle": false, "spine3": false, "left_foot": false, "right_foot": false, "neck": false, "left_collar": false, "right_collar": false, "head": false, "left_shoulder": false, "right_shoulder": false, "left_elbow": false, "right_elbow": false, "left_wrist": false, "right_wrist": false, "left_hand": false, "right_hand": false}}, "4": {"occlusion": {"overall": 0.3333333333333333, "pelvis": false, "left_hip": true, "right_hip": true, "spine1": false, "left_knee": true, "right_knee": true, "spine2": false, "left_ankle": true, "right_ankle": true, "spine3": false, "left_foot": true, "right_foot": true, "neck": false, "left_collar": false, "right_collar": false, "head": false, "left_shoulder": false, "right_shoulder": false, "left_elbow": false, "right_elbow": false, "left_wrist": false, "right_wrist": false, "left_hand": false, "right_hand": false}, "truncation": {"overall": 0.0, "pelvis": false, "left_hip": false, "right_hip": false, "spine1": false, "left_knee": false, "right_knee": false, "spine2": false, "left_ankle": false, "right_ankle": false, "spine3": false, "left_foot": false, "right_foot": false, "neck": false, "left_collar": false, "right_collar": false, "head": false, "left_shoulder": false, "right_shoulder": false, "left_elbow": false, "right_elbow": false, "left_wrist": false, "right_wrist": false, "left_hand": false, "right_hand": false}}, "5": {"occlusion": {"overall": 0.375, "pelvis": true, "left_hip": true, "right_hip": true, "spine1": true, "left_knee": false, "right_knee": false, "spine2": true, "left_ankle": true, "right_ankle": true, "spine3": false, "left_foot": true, "right_foot": true, "neck": false, "left_collar": false, "right_collar": false, "head": false, "left_shoulder": false, "right_shoulder": false, "left_elbow": false, "right_elbow": false, "left_wrist": false, "right_wrist": false, "left_hand": false, "right_hand": false}, "truncation": {"overall": 0.0, "pelvis": false, "left_hip": false, "right_hip": false, "spine1": false, "left_knee": false, "right_knee": false, "spine2": false, "left_ankle": false, "right_ankle": false, "spine3": false, "left_foot": false, "right_foot": false, "neck": false, "left_collar": false, "right_collar": false, "head": false, "left_shoulder": false, "right_shoulder": false, "left_elbow": false, "right_elbow": false, "left_wrist": false, "right_wrist": false, "left_hand": false, "right_hand": false}}, "6": {"occlusion": {"overall": 0.0, "pelvis": false, "left_hip": false, "right_hip": false, "spine1": false, "left_knee": false, "right_knee": false, "spine2": false, "left_ankle": false, "right_ankle": false, "spine3": false, "left_foot": false, "right_foot": false, "neck": false, "left_collar": false, "right_collar": false, "head": false, "left_shoulder": false, "right_shoulder": false, "left_elbow": false, "right_elbow": false, "left_wrist": false, "right_wrist": false, "left_hand": false, "right_hand": false}, "truncation": {"overall": 0.0, "pelvis": false, "left_hip": false, "right_hip": false, "spine1": false, "left_knee": false, "right_knee": false, "spine2": false, "left_ankle": false, "right_ankle": false, "spine3": false, "left_foot": false, "right_foot": false, "neck": false, "left_collar": false, "right_collar": false, "head": false, "left_shoulder": false, "right_shoulder": false, "left_elbow": false, "right_elbow": false, "left_wrist": false, "right_wrist": false, "left_hand": false, "right_hand": false}}, "7": {"occlusion": {"overall": 0.0, "pelvis": false, "left_hip": false, "right_hip": false, "spine1": false, "left_knee": false, "right_knee": false, "spine2": false, "left_ankle": false, "right_ankle": false, "spine3": false, "left_foot": false, "right_foot": false, "neck": false, "left_collar": false, "right_collar": false, "head": false, "left_shoulder": false, "right_shoulder": false, "left_elbow": false, "right_elbow": false, "left_wrist": false, "right_wrist": false, "left_hand": false, "right_hand": false}, "truncation": {"overall": 0.0, "pelvis": false, "left_hip": false, "right_hip": false, "spine1": false, "left_knee": false, "right_knee": false, "spine2": false, "left_ankle": false, "right_ankle": false, "spine3": false, "left_foot": false, "right_foot": false, "neck": false, "left_collar": false, "right_collar": false, "head": false, "left_shoulder": false, "right_shoulder": false, "left_elbow": false, "right_elbow": false, "left_wrist": false, "right_wrist": false, "left_hand": false, "right_hand": false}}, "8": {"occlusion": {"overall": 0.0, "pelvis": false, "left_hip": false, "right_hip": false, "spine1": false, "left_knee": false, "right_knee": false, "spine2": false, "left_ankle": false, "right_ankle": false, "spine3": false, "left_foot": false, "right_foot": false, "neck": false, "left_collar": false, "right_collar": false, "head": false, "left_shoulder": false, "right_shoulder": false, "left_elbow": false, "right_elbow": false, "left_wrist": false, "right_wrist": false, "left_hand": false, "right_hand": false}, "truncation": {"overall": 0.0, "pelvis": false, "left_hip": false, "right_hip": false, "spine1": false, "left_knee": false, "right_knee": false, "spine2": false, "left_ankle": false, "right_ankle": false, "spine3": false, "left_foot": false, "right_foot": false, "neck": false, "left_collar": false, "right_collar": false, "head": false, "left_shoulder": false, "right_shoulder": false, "left_elbow": false, "right_elbow": false, "left_wrist": false, "right_wrist": false, "left_hand": false, "right_hand": false}}, "9": {"occlusion": {"overall": 0.3333333333333333, "pelvis": false, "left_hip": false, "right_hip": false, "spine1": false, "left_knee": true, "right_knee": true, "spine2": true, "left_ankle": true, "right_ankle": false, "spine3": true, "left_foot": true, "right_foot": true, "neck": false, "left_collar": false, "right_collar": false, "head": false, "left_shoulder": false, "right_shoulder": false, "left_elbow": true, "right_elbow": false, "left_wrist": false, "right_wrist": false, "left_hand": false, "right_hand": false}, "truncation": {"overall": 0.0, "pelvis": false, "left_hip": false, "right_hip": false, "spine1": false, "left_knee": false, "right_knee": false, "spine2": false, "left_ankle": false, "right_ankle": false, "spine3": false, "left_foot": false, "right_foot": false, "neck": false, "left_collar": false, "right_collar": false, "head": false, "left_shoulder": false, "right_shoulder": false, "left_elbow": false, "right_elbow": false, "left_wrist": false, "right_wrist": false, "left_hand": false, "right_hand": false}}}