{"overall": 0.2847222222222222, "0": {"occlusion": {"overall": 1.0, "pelvis": true, "left_hip": true, "right_hip": true, "spine1": true, "left_knee": true, "right_knee": true, "spine2": true, "left_ankle": true, "right_ankle": true, "spine3": true, "left_foot": true, "right_foot": true, "neck": true, "left_collar": true, "right_collar": true, "head": true, "left_shoulder": true, "right_shoulder": true, "left_elbow": true, "right_elbow": true, "left_wrist": true, "right_wrist": true, "left_hand": true, "right_hand": true}, "truncation": {"overall": 0.0, "pelvis": false, "left_hip": false, "right_hip": false, "spine1": false, "left_knee": false, "right_knee": false, "spine2": false, "left_ankle": false, "right_ankle": false, "spine3": false, "left_foot": false, "right_foot": false, "neck": false, "left_collar": false, "right_collar": false, "head": false, "left_shoulder": false, "right_shoulder": false, "left_elbow": false, "right_elbow": false, "left_wrist": false, "right_wrist": false, "left_hand": false, "right_hand": false}}, "1": {"occlusion": {"overall": 0.0, "pelvis": false, "left_hip": false, "right_hip": false, "spine1": false, "left_knee": false, "right_knee": false, "spine2": false, "left_ankle": false, "right_ankle": false, "spine3": false, "left_foot": false, "right_foot": false, "neck": false, "left_collar": false, "right_collar": false, "head": false, "left_shoulder": false, "right_shoulder": false, "left_elbow": false, "right_elbow": false, "left_wrist": false, "right_wrist": false, "left_hand": false, "right_hand": false}, "truncation": {"overall": 0.0, "pelvis": false, "left_hip": false, "right_hip": false, "spine1": false, "left_knee": false, "right_knee": false, "spine2": false, "left_ankle": false, "right_ankle": false, "spine3": false, "left_foot": false, "right_foot": false, "neck": false, "left_collar": false, "right_collar": false, "head": false, "left_shoulder": false, "right_shoulder": false, "left_elbow": false, "right_elbow": false, "left_wrist": false, "right_wrist": false, "left_hand": false, "right_hand": false}}, "2": {"occlusion": {"overall": 0.0, "pelvis": false, "left_hip": false, "right_hip": false, "spine1": false, "left_knee": false, "right_knee": false, "spine2": false, "left_ankle": false, "right_ankle": false, "spine3": false, "left_foot": false, "right_foot": false, "neck": false, "left_collar": false, "right_collar": false, "head": false, "left_shoulder": false, "right_shoulder": false, "left_elbow": false, "right_elbow": false, "left_wrist": false, "right_wrist": false, "left_hand": false, "right_hand": false}, "truncation": {"overall": 0.0, "pelvis": false, "left_hip": false, "right_hip": false, "spine1": false, "left_knee": false, "right_knee": false, "spine2": false, "left_ankle": false, "right_ankle": false, "spine3": false, "left_foot": false, "right_foot": false, "neck": false, "left_collar": false, "right_collar": false, "head": false, "left_shoulder": false, "right_shoulder": false, "left_elbow": false, "right_elbow": false, "left_wrist": false, "right_wrist": false, "left_hand": false, "right_hand": false}}, "3": {"occlusion": {"overall": 0.7083333333333334, "pelvis": true, "left_hip": true, "right_hip": true, "spine1": true, "left_knee": true, "right_knee": true, "spine2": true, "left_ankle": true, "right_ankle": true, "spine3": true, "left_foot": true, "right_foot": true, "neck": false, "left_collar": false, "right_collar": false, "head": false, "left_shoulder": false, "right_shoulder": false, "left_elbow": false, "right_elbow": true, "left_wrist": true, "right_wrist": true, "left_hand": true, "right_hand": true}, "truncation": {"overall": 0.0, "pelvis": false, "left_hip": false, "right_hip": false, "spine1": false, "left_knee": false, "right_knee": false, "spine2": false, "left_ankle": false, "right_ankle": false, "spine3": false, "left_foot": false, "right_foot": false, "neck": false, "left_collar": false, "right_collar": false, "head": false, "left_shoulder": false, "right_shoulder": false, "left_elbow": false, "right_elbow": false, "left_wrist": false, "right_wrist": false, "left_hand": false, "right_hand": false}}, "4": {"occlusion": {"overall": 0.0, "pelvis": false, "left_hip": false, "right_hip": false, "spine1": false, "left_knee": false, "right_knee": false, "spine2": false, "left_ankle": false, "right_ankle": false, "spine3": false, "left_foot": false, "right_foot": false, "neck": false, "left_collar": false, "right_collar": false, "head": false, "left_shoulder": false, "right_shoulder": false, "left_elbow": false, "right_elbow": false, "left_wrist": false, "right_wrist": false, "left_hand": false, "right_hand": false}, "truncation": {"overall": 0.0, "pelvis": false, "left_hip": false, "right_hip": false, "spine1": false, "left_knee": false, "right_knee": false, "spine2": false, "left_ankle": false, "right_ankle": false, "spine3": false, "left_foot": false, "right_foot": false, "neck": false, "left_collar": false, "right_collar": false, "head": false, "left_shoulder": false, "right_shoulder": false, "left_elbow": false, "right_elbow": false, "left_wrist": false, "right_wrist": false, "left_hand": false, "right_hand": false}}, "5": {"occlusion": {"overall": 0.0, "pelvis": false, "left_hip": false, "right_hip": false, "spine1": false, "left_knee": false, "right_knee": false, "spine2": false, "left_ankle": false, "right_ankle": false, "spine3": false, "left_foot": false, "right_foot": false, "neck": false, "left_collar": false, "right_collar": false, "head": false, "left_shoulder": false, "right_shoulder": false, "left_elbow": false, "right_elbow": false, "left_wrist": false, "right_wrist": false, "left_hand": false, "right_hand": false}, "truncation": {"overall": 0.0, "pelvis": false, "left_hip": false, "right_hip": false, "spine1": false, "left_knee": false, "right_knee": false, "spine2": false, "left_ankle": false, "right_ankle": false, "spine3": false, "left_foot": false, "right_foot": false, "neck": false, "left_collar": false, "right_collar": false, "head": false, "left_shoulder": false, "right_shoulder": false, "left_elbow": false, "right_elbow": false, "left_wrist": false, "right_wrist": false, "left_hand": false, "right_hand": false}}}