{"overall": 0.20833333333333334, "0": {"occlusion": {"overall": 0.375, "pelvis": false, "left_hip": false, "right_hip": false, "spine1": false, "left_knee": false, "right_knee": false, "spine2": false, "left_ankle": false, "right_ankle": false, "spine3": true, "left_foot": false, "right_foot": false, "neck": true, "left_collar": true, "right_collar": true, "head": false, "left_shoulder": true, "right_shoulder": false, "left_elbow": false, "right_elbow": true, "left_wrist": true, "right_wrist": true, "left_hand": false, "right_hand": true}, "truncation": {"overall": 0.0, "pelvis": false, "left_hip": false, "right_hip": false, "spine1": false, "left_knee": false, "right_knee": false, "spine2": false, "left_ankle": false, "right_ankle": false, "spine3": false, "left_foot": false, "right_foot": false, "neck": false, "left_collar": false, "right_collar": false, "head": false, "left_shoulder": false, "right_shoulder": false, "left_elbow": false, "right_elbow": false, "left_wrist": false, "right_wrist": false, "left_hand": false, "right_hand": false}}, "1": {"occlusion": {"overall": 0.041666666666666664, "pelvis": false, "left_hip": false, "right_hip": false, "spine1": false, "left_knee": false, "right_knee": false, "spine2": false, "left_ankle": false, "right_ankle": false, "spine3": false, "left_foot": false, "right_foot": false, "neck": false, "left_collar": false, "right_collar": false, "head": false, "left_shoulder": false, "right_shoulder": false, "left_elbow": false, "right_elbow": false, "left_wrist": true, "right_wrist": false, "left_hand": false, "right_hand": false}, "truncation": {"overall": 0.0, "pelvis": false, "left_hip": false, "right_hip": false, "spine1": false, "left_knee": false, "right_knee": false, "spine2": false, "left_ankle": false, "right_ankle": false, "spine3": false, "left_foot": false, "right_foot": false, "neck": false, "left_collar": false, "right_collar": false, "head": false, "left_shoulder": false, "right_shoulder": false, "left_elbow": false, "right_elbow": false, "left_wrist": false, "right_wrist": false, "left_hand": false, "right_hand": false}}}